Time [s],Channel,Value
0.000008595,2,46556
0.000019935,1,46829
0.000031280,2,46829
0.000042620,1,46896
0.000053960,2,46896
0.000065300,1,47260
0.000076645,2,47260
0.000087985,1,47466
0.000099325,2,47466
0.000110670,1,48214
0.000122010,2,48214
0.000133350,1,48717
0.000144690,2,48717
0.000156035,1,49204
0.000167375,2,49204
0.000178715,1,49892
0.000190060,2,49892
0.000201400,1,50658
0.000212740,2,50658
0.000224080,1,51465
0.000235425,2,51465
0.000246765,1,52574
0.000258105,2,52574
0.000269445,1,53898
0.000280790,2,53898
0.000292130,1,54399
0.000303470,2,54399
0.000314810,1,55491
0.000326155,2,55491
0.000337495,1,56416
0.000348835,2,56416
0.000360180,1,57432
0.000371520,2,57432
0.000382860,1,58653
0.000394205,2,58653
0.000405545,1,59734
0.000416885,2,59734
0.000428225,1,60924
0.000439570,2,60924
0.000450910,1,62030
0.000462250,2,62030
0.000473590,1,63208
0.000484935,2,63208
0.000496275,1,64376
0.000507615,2,64376
0.000518960,1,65424
0.000530300,2,65424
0.000541640,1,1378
0.000552980,2,1378
0.000564320,1,2732
0.000575665,2,2732
0.000587005,1,3733
0.000598345,2,3733
0.000609690,1,5880
0.000621030,2,5880
0.000632370,1,7216
0.000643715,2,7216
0.000655055,1,7289
0.000666395,2,7289
0.000677735,1,8340
0.000689075,2,8340
0.000700420,1,9458
0.000711760,2,9458
0.000723100,1,10445
0.000734445,2,10445
0.000745785,1,11352
0.000757125,2,11352
0.000768465,1,12225
0.000779810,2,12225
0.000791150,1,13011
0.000802490,2,13011
0.000813835,1,13745
0.000825175,2,13745
0.000836515,1,14733
0.000847855,2,14733
0.000859200,1,15451
0.000870540,2,15451
0.000881880,1,16035
0.000893225,2,16035
0.000904565,1,16573
0.000915905,2,16573
0.000927245,1,16831
0.000938590,2,16831
0.000949930,1,17273
0.000961270,2,17273
0.000972610,1,17864
0.000983955,2,17864
0.000995295,1,18089
0.001006635,2,18089
0.001017980,1,18319
0.001029320,2,18319
0.001040660,1,18489
0.001052000,2,18489
0.001063345,1,18412
0.001074685,2,18412
0.001086025,1,18715
0.001097370,2,18715
0.001108710,1,18413
0.001120050,2,18413
0.001131390,1,18270
0.001142735,2,18270
0.001154075,1,18167
0.001165415,2,18167
0.001176755,1,17967
0.001188100,2,17967
0.001199440,1,17417
0.001210780,2,17417
0.001222120,1,17058
0.001233465,2,17058
0.001244805,1,16595
0.001256145,2,16595
0.001267490,1,15889
0.001278830,2,15889
0.001290170,1,15094
0.001301510,2,15094
0.001312855,1,14373
0.001324195,2,14373
0.001335535,1,13833
0.001346875,2,13833
0.001358220,1,13051
0.001369560,2,13051
0.001380900,1,12181
0.001392245,2,12181
0.001403585,1,11381
0.001414925,2,11381
0.001426265,1,10446
0.001437610,2,10446
0.001448950,1,9294
0.001460290,2,9294
0.001471635,1,8382
0.001482975,2,8382
0.001494315,1,7416
0.001505660,2,7416
0.001516995,1,6363
0.001528340,2,6363
0.001539680,1,5123
0.001551025,2,5123
0.001562365,1,3946
0.001573705,2,3946
0.001585045,1,2910
0.001596390,2,2910
0.001607730,1,1592
0.001619070,2,1592
0.001630410,1,345
0.001641755,2,345
0.001653095,1,65112
0.001664435,2,65112
0.001675775,1,63643
0.001687120,2,63643
0.001698460,1,62595
0.001709800,2,62595
0.001721145,1,61246
0.001732485,2,61246
0.001743825,1,60325
0.001755165,2,60325
0.001766510,1,59074
0.001777850,2,59074
0.001789190,1,58166
0.001800530,2,58166
0.001811875,1,57096
0.001823215,2,57096
0.001834555,1,55771
0.001845900,2,55771
0.001857240,1,55131
0.001868580,2,55131
0.001879925,1,54000
0.001891265,2,54000
0.001902605,1,53176
0.001913945,2,53176
0.001925290,1,52201
0.001936630,2,52201
0.001947970,1,51289
0.001959310,2,51289
0.001970655,1,50783
0.001981995,2,50783
0.001993335,1,50145
0.002004680,2,50145
0.002016020,1,49610
0.002027360,2,49610
0.002038700,1,48651
0.002050045,2,48651
0.002061385,1,48015
0.002072725,2,48015
0.002084065,1,47590
0.002095410,2,47590
0.002106750,1,47360
0.002118090,2,47360
0.002129435,1,47264
0.002140775,2,47264
0.002152115,1,46942
0.002163455,2,46942
0.002174800,1,44665
0.002186140,2,44665
0.002197480,1,45114
0.002208820,2,45114
0.002220165,1,44819
0.002231505,2,44819
0.002242845,1,45129
0.002254190,2,45129
0.002265530,1,45183
0.002276870,2,45183
0.002288210,1,45288
0.002299555,2,45288
0.002310895,1,45337
0.002322235,2,45337
0.002333575,1,45793
0.002344920,2,45793
0.002356260,1,46265
0.002367600,2,46265
0.002378945,1,47005
0.002390285,2,47005
0.002401625,1,47760
0.002412970,2,47760
0.002424310,1,48293
0.002435650,2,48293
0.002446990,1,48860
0.002458335,2,48860
0.002469675,1,49775
0.002481015,2,49775
0.002492355,1,50651
0.002503700,2,50651
0.002515040,1,51582
0.002526380,2,51582
0.002537725,1,52342
0.002549065,2,52342
0.002560405,1,53446
0.002571745,2,53446
0.002583085,1,54643
0.002594430,2,54643
0.002605770,1,55797
0.002617110,2,55797
0.002628455,1,56835
0.002639795,2,56835
0.002651135,1,58222
0.002662475,2,58222
0.002673820,1,59454
0.002685160,2,59454
0.002696500,1,60288
0.002707845,2,60288
0.002719185,1,61599
0.002730525,2,61599
0.002741865,1,63283
0.002753210,2,63283
0.002764550,1,64280
0.002775890,2,64280
0.002787235,1,56
0.002798575,2,56
0.002809915,1,1389
0.002821255,2,1389
0.002832600,1,2313
0.002843940,2,2313
0.002855280,1,3830
0.002866620,2,3830
0.002877965,1,5286
0.002889305,2,5286
0.002900645,1,6411
0.002911990,2,6411
0.002923330,1,7543
0.002934670,2,7543
0.002946010,1,8345
0.002957355,2,8345
0.002968695,1,9482
0.002980035,2,9482
0.002991375,1,10604
0.003002720,2,10604
0.003014060,1,11895
0.003025400,2,11895
0.003036745,1,12751
0.003048085,2,12751
0.003059425,1,13949
0.003070765,2,13949
0.003082110,1,14595
0.003093450,2,14595
0.003104790,1,15515
0.003116135,2,15515
0.003127475,1,16197
0.003138815,2,16197
0.003150155,1,16854
0.003161500,2,16854
0.003172840,1,17867
0.003184180,2,17867
0.003195525,1,18360
0.003206865,2,18360
0.003218205,1,18873
0.003229545,2,18873
0.003240890,1,19187
0.003252230,2,19187
0.003263570,1,19492
0.003274910,2,19492
0.003286255,1,19455
0.003297595,2,19455
0.003308935,1,19675
0.003320275,2,19675
0.003331620,1,19981
0.003342960,2,19981
0.003354300,1,19920
0.003365645,2,19920
0.003376985,1,19931
0.003388325,2,19931
0.003399670,1,19764
0.003411010,2,19764
0.003422350,1,19832
0.003433690,2,19832
0.003445030,1,19332
0.003456375,2,19332
0.003467715,1,18939
0.003479055,2,18939
0.003490400,1,18754
0.003501740,2,18754
0.003513080,1,18119
0.003524420,2,18119
0.003535765,1,17657
0.003547105,2,17657
0.003558445,1,16718
0.003569785,2,16718
0.003581130,1,16719
0.003592470,2,16719
0.003603810,1,15001
0.003615155,2,15001
0.003626495,1,14317
0.003637835,2,14317
0.003649175,1,13424
0.003660520,2,13424
0.003671860,1,12373
0.003683200,2,12373
0.003694545,1,11322
0.003705885,2,11322
0.003717225,1,10365
0.003728565,2,10365
0.003739910,1,9137
0.003751250,2,9137
0.003762590,1,8042
0.003773935,2,8042
0.003785275,1,7008
0.003796615,2,7008
0.003807955,1,5772
0.003819300,2,5772
0.003830640,1,4401
0.003841980,2,4401
0.003853320,1,3478
0.003864665,2,3478
0.003876005,1,1916
0.003887345,2,1916
0.003898685,1,393
0.003910030,2,393
0.003921370,1,64783
0.003932710,2,64783
0.003944055,1,63549
0.003955395,2,63549
0.003966735,1,62478
0.003978075,2,62478
0.003989420,1,61071
0.004000760,2,61071
0.004012100,1,59642
0.004023445,2,59642
0.004034785,1,58415
0.004046125,2,58415
0.004057465,1,57334
0.004068810,2,57334
0.004080150,1,55793
0.004091490,2,55793
0.004102830,1,54388
0.004114175,2,54388
0.004125515,1,53278
0.004136855,2,53278
0.004148200,1,52091
0.004159540,2,52091
0.004170880,1,51181
0.004182220,2,51181
0.004193565,1,49954
0.004204905,2,49954
0.004216245,1,49000
0.004227585,2,49000
0.004238930,1,48575
0.004250270,2,48575
0.004261610,1,47655
0.004272955,2,47655
0.004284295,1,46797
0.004295635,2,46797
0.004306975,1,46570
0.004318320,2,46570
0.004329660,1,46024
0.004341000,2,46024
0.004352340,1,45674
0.004363685,2,45674
0.004375025,1,45492
0.004386365,2,45492
0.004397710,1,44869
0.004409050,2,44869
0.004420390,1,44670
0.004431730,2,44670
0.004443075,1,44404
0.004454415,2,44404
0.004465755,1,44151
0.004477100,2,44151
0.004488440,1,43881
0.004499780,2,43881
0.004511120,1,44423
0.004522465,2,44423
0.004533805,1,44302
0.004545145,2,44302
0.004556490,1,44656
0.004567830,2,44656
0.004579170,1,44657
0.004590510,2,44657
0.004601855,1,45483
0.004613195,2,45483
0.004624535,1,45721
0.004635875,2,45721
0.004647220,1,46470
0.004658560,2,46470
0.004669900,1,47101
0.004681245,2,47101
0.004692585,1,47441
0.004703925,2,47441
0.004715265,1,48548
0.004726610,2,48548
0.004737950,1,49417
0.004749290,2,49417
0.004760635,1,50188
0.004771975,2,50188
0.004783315,1,50934
0.004794655,2,50934
0.004806000,1,51699
0.004817340,2,51699
0.004828680,1,52566
0.004840020,2,52566
0.004851365,1,53618
0.004862705,2,53618
0.004874045,1,54662
0.004885390,2,54662
0.004896730,1,56163
0.004908070,2,56163
0.004919410,1,57167
0.004930750,2,57167
0.004942095,1,58343
0.004953435,2,58343
0.004964775,1,59517
0.004976120,2,59517
0.004987460,1,60997
0.004998800,2,60997
0.005010145,1,62130
0.005021485,2,62130
0.005032825,1,63483
0.005044165,2,63483
0.005055510,1,65102
0.005066850,2,65102
0.005078190,1,466
0.005089530,2,466
0.005100875,1,2059
0.005112215,2,2059
0.005123555,1,3235
0.005134900,2,3235
0.005146240,1,4289
0.005157580,2,4289
0.005168920,1,5750
0.005180265,2,5750
0.005191605,1,7515
0.005202945,2,7515
0.005214290,1,8636
0.005225630,2,8636
0.005236970,1,9814
0.005248310,2,9814
0.005259655,1,10942
0.005270995,2,10942
0.005282335,1,11977
0.005293675,2,11977
0.005305020,1,12912
0.005316360,2,12912
0.005327700,1,13647
0.005339040,2,13647
0.005350385,1,14874
0.005361725,2,14874
0.005373065,1,15765
0.005384410,2,15765
0.005395750,1,16447
0.005407090,2,16447
0.005418430,1,17289
0.005429775,2,17289
0.005441115,1,17875
0.005452455,2,17875
0.005463795,1,18317
0.005475140,2,18317
0.005486480,1,18819
0.005497820,2,18819
0.005509165,1,19705
0.005520505,2,19705
0.005531845,1,19732
0.005543185,2,19732
0.005554530,1,20242
0.005565870,2,20242
0.005577210,1,20263
0.005588555,2,20263
0.005599895,1,20479
0.005611235,2,20479
0.005622575,1,20318
0.005633920,2,20318
0.005645260,1,20729
0.005656600,2,20729
0.005667940,1,20248
0.005679285,2,20248
0.005690625,1,20343
0.005701965,2,20343
0.005713310,1,19647
0.005724650,2,19647
0.005735990,1,19620
0.005747330,2,19620
0.005758675,1,19063
0.005770015,2,19063
0.005781355,1,18625
0.005792700,2,18625
0.005804040,1,18361
0.005815380,2,18361
0.005826720,1,17549
0.005838065,2,17549
0.005849405,1,17183
0.005860745,2,17183
0.005872085,1,16057
0.005883430,2,16057
0.005894770,1,15228
0.005906110,2,15228
0.005917450,1,14693
0.005928795,2,14693
0.005940135,1,13290
0.005951475,2,13290
0.005962820,1,12312
0.005974160,2,12312
0.005985500,1,11176
0.005996845,2,11176
0.006008185,1,10165
0.006019525,2,10165
0.006030865,1,8779
0.006042205,2,8779
0.006053550,1,7553
0.006064890,2,7553
0.006076230,1,6256
0.006087575,2,6256
0.006098915,1,5367
0.006110255,2,5367
0.006121600,1,3677
0.006132940,2,3677
0.006144280,1,2401
0.006155620,2,2401
0.006166965,1,1043
0.006178305,2,1043
0.006189645,1,65261
0.006200985,2,65261
0.006212330,1,64033
0.006223670,2,64033
0.006235010,1,62740
0.006246355,2,62740
0.006257695,1,61287
0.006269035,2,61287
0.006280375,1,59603
0.006291720,2,59603
0.006303060,1,58298
0.006314400,2,58298
0.006325740,1,57016
0.006337085,2,57016
0.006348425,1,55883
0.006359765,2,55883
0.006371110,1,54873
0.006382450,2,54873
0.006393790,1,53850
0.006405130,2,53850
0.006416475,1,52718
0.006427815,2,52718
0.006439155,1,51410
0.006450495,2,51410
0.006461840,1,50496
0.006473180,2,50496
0.006484520,1,49637
0.006495865,2,49637
0.006507205,1,48637
0.006518545,2,48637
0.006529885,1,47699
0.006541230,2,47699
0.006552570,1,47041
0.006563910,2,47041
0.006575255,1,46459
0.006586595,2,46459
0.006597935,1,46393
0.006609275,2,46393
0.006620620,1,45408
0.006631960,2,45408
0.006643300,1,44988
0.006654645,2,44988
0.006665985,1,44727
0.006677325,2,44727
0.006688665,1,44331
0.006700010,2,44331
0.006711350,1,43940
0.006722690,2,43940
0.006734030,1,44139
0.006745375,2,44139
0.006756715,1,43637
0.006768055,2,43637
0.006779400,1,43664
0.006790740,2,43664
0.006802080,1,44080
0.006813420,2,44080
0.006824760,1,43941
0.006836105,2,43941
0.006847445,1,44324
0.006858785,2,44324
0.006870130,1,44899
0.006881470,2,44899
0.006892810,1,45110
0.006904155,2,45110
0.006915495,1,45777
0.006926835,2,45777
0.006938175,1,46421
0.006949520,2,46421
0.006960860,1,47009
0.006972200,2,47009
0.006983540,1,47779
0.006994885,2,47779
0.007006225,1,48526
0.007017565,2,48526
0.007028910,1,49559
0.007040250,2,49559
0.007051590,1,50616
0.007062930,2,50616
0.007074275,1,51154
0.007085615,2,51154
0.007096955,1,52423
0.007108295,2,52423
0.007119640,1,53650
0.007130980,2,53650
0.007142320,1,54496
0.007153665,2,54496
0.007165005,1,56131
0.007176345,2,56131
0.007187685,1,57437
0.007199030,2,57437
0.007210370,1,58565
0.007221710,2,58565
0.007233050,1,59906
0.007244395,2,59906
0.007255735,1,61067
0.007267075,2,61067
0.007278420,1,62179
0.007289760,2,62179
0.007301100,1,63552
0.007312440,2,63552
0.007323785,1,64844
0.007335125,2,64844
0.007346465,1,854
0.007357810,2,854
0.007369150,1,2188
0.007380490,2,2188
0.007391830,1,3487
0.007403175,2,3487
0.007414515,1,5734
0.007425855,2,5734
0.007437195,1,7198
0.007448540,2,7198
0.007459880,1,8664
0.007471220,2,8664
0.007482565,1,9611
0.007493905,2,9611
0.007505245,1,10623
0.007516590,2,10623
0.007527930,1,12316
0.007539270,2,12316
0.007550610,1,12923
0.007561950,2,12923
0.007573295,1,14042
0.007584635,2,14042
0.007595975,1,15100
0.007607320,2,15100
0.007618660,1,16738
0.007630000,2,16738
0.007641340,1,17683
0.007652685,2,17683
0.007664025,1,18362
0.007675365,2,18362
0.007686705,1,19237
0.007698050,2,19237
0.007709390,1,19980
0.007720730,2,19980
0.007732070,1,20687
0.007743415,2,20687
0.007754755,1,21091
0.007766095,2,21091
0.007777440,1,21445
0.007788780,2,21445
0.007800120,1,22061
0.007811460,2,22061
0.007822805,1,22599
0.007834145,2,22599
0.007845485,1,32767
0.007856830,2,32767
0.007868170,1,32767
0.007879510,2,32767
0.007890850,1,32767
0.007902195,2,32767
0.007913535,1,32767
0.007924875,2,32767
0.007936220,1,32767
0.007947560,2,32767
0.007958900,1,32767
0.007970240,2,32767
0.007981585,1,32767
0.007992925,2,32767
0.008004265,1,23045
0.008015605,2,23045
0.008026950,1,21177
0.008038290,2,21177
0.008049630,1,20965
0.008060975,2,20965
0.008072315,1,20277
0.008083655,2,20277
0.008094995,1,19176
0.008106340,2,19176
0.008117680,1,18794
0.008129020,2,18794
0.008140365,1,17544
0.008151705,2,17544
0.008163045,1,17020
0.008174385,2,17020
0.008185730,1,15564
0.008197070,2,15564
0.008208410,1,16670
0.008219750,2,16670
0.008231095,1,28603
0.008242435,2,28603
0.008253775,1,26647
0.008265120,2,26647
0.008276460,1,25683
0.008287800,2,25683
0.008299140,1,23619
0.008310485,2,23619
0.008321825,1,21838
0.008333165,2,21838
0.008344505,1,21171
0.008355850,2,21171
0.008367190,1,17715
0.008378530,2,17715
0.008389875,1,4663
0.008401215,2,4663
0.008412555,1,4313
0.008423895,2,4313
0.008435240,1,2238
0.008446580,2,2238
0.008457920,1,1169
0.008469260,2,1169
0.008480605,1,65362
0.008491945,2,65362
0.008503285,1,62972
0.008514630,2,62972
0.008525970,1,61546
0.008537310,2,61546
0.008548650,1,60375
0.008559995,2,60375
0.008571335,1,58572
0.008582675,2,58572
0.008594015,1,57227
0.008605360,2,57227
0.008616700,1,55949
0.008628040,2,55949
0.008639385,1,54697
0.008650725,2,54697
0.008662065,1,53653
0.008673410,2,53653
0.008684750,1,52314
0.008696090,2,52314
0.008707430,1,51023
0.008718775,2,51023
0.008730115,1,50254
0.008741455,2,50254
0.008752795,1,49298
0.008764140,2,49298
0.008775480,1,48444
0.008786820,2,48444
0.008798160,1,47259
0.008809505,2,47259
0.008820845,1,46763
0.008832185,2,46763
0.008843530,1,45942
0.008854870,2,45942
0.008866210,1,45441
0.008877550,2,45441
0.008888895,1,44890
0.008900235,2,44890
0.008911575,1,44028
0.008922915,2,44028
0.008934260,1,43616
0.008945600,2,43616
0.008956940,1,43457
0.008968285,2,43457
0.008979625,1,43124
0.008990965,2,43124
0.009002305,1,43103
0.009013650,2,43103
0.009024990,1,43119
0.009036330,2,43119
0.009047670,1,42922
0.009059015,2,42922
0.009070355,1,43046
0.009081695,2,43046
0.009093040,1,43284
0.009104380,2,43284
0.009115720,1,43542
0.009127060,2,43542
0.009138405,1,43828
0.009149745,2,43828
0.009161085,1,44391
0.009172430,2,44391
0.009183770,1,44984
0.009195110,2,44984
0.009206450,1,45410
0.009217795,2,45410
0.009229135,1,45927
0.009240475,2,45927
0.009251820,1,47095
0.009263160,2,47095
0.009274500,1,47603
0.009285840,2,47603
0.009297185,1,48304
0.009308525,2,48304
0.009319865,1,49347
0.009331205,2,49347
0.009342550,1,50447
0.009353890,2,50447
0.009365230,1,51678
0.009376575,2,51678
0.009387915,1,52514
0.009399255,2,52514
0.009410595,1,54129
0.009421940,2,54129
0.009433280,1,54766
0.009444620,2,54766
0.009455960,1,55948
0.009467305,2,55948
0.009478645,1,57075
0.009489985,2,57075
0.009501330,1,58728
0.009512670,2,58728
0.009524010,1,59796
0.009535350,2,59796
0.009546695,1,61280
0.009558035,2,61280
0.009569375,1,62752
0.009580720,2,62752
0.009592060,1,63919
0.009603400,2,63919
0.009614740,1,257
0.009626085,2,257
0.009637425,1,1562
0.009648765,2,1562
0.009660105,1,2792
0.009671450,2,2792
0.009682790,1,4462
0.009694130,2,4462
0.009705470,1,5745
0.009716815,2,5745
0.009728155,1,6930
0.009739495,2,6930
0.009750840,1,8602
0.009762180,2,8602
0.009773520,1,9700
0.009784865,2,9700
0.009796205,1,10755
0.009807545,2,10755
0.009818885,1,12110
0.009830230,2,12110
0.009841570,1,12426
0.009852910,2,12426
0.009864250,1,13893
0.009875595,2,13893
0.009886935,1,14007
0.009898275,2,14007
0.009909620,1,14912
0.009920960,2,14912
0.009932300,1,15185
0.009943640,2,15185
0.009954985,1,16212
0.009966325,2,16212
0.009977665,1,15590
0.009989005,2,15590
0.010000350,1,16439
0.010011690,2,16439
0.010023030,1,17042
0.010034375,2,17042
0.010045715,1,17410
0.010057055,2,17410
0.010068395,1,17768
0.010079740,2,17768
0.010091080,1,17827
0.010102420,2,17827
0.010113760,1,18263
0.010125105,2,18263
0.010136445,1,18566
0.010147785,2,18566
0.010159130,1,18820
0.010170470,2,18820
0.010181810,1,18706
0.010193150,2,18706
0.010204495,1,18531
0.010215835,2,18531
0.010227175,1,18302
0.010238515,2,18302
0.010249860,1,18062
0.010261200,2,18062
0.010272540,1,17700
0.010283885,2,17700
0.010295225,1,17292
0.010306565,2,17292
0.010317905,1,16912
0.010329250,2,16912
0.010340590,1,16699
0.010351930,2,16699
0.010363275,1,16205
0.010374615,2,16205
0.010385955,1,15561
0.010397295,2,15561
0.010408640,1,14850
0.010419980,2,14850
0.010431320,1,14057
0.010442660,2,14057
0.010454005,1,13297
0.010465345,2,13297
0.010476685,1,12232
0.010488025,2,12232
0.010499370,1,11447
0.010510710,2,11447
0.010522050,1,10220
0.010533395,2,10220
0.010544735,1,9611
0.010556075,2,9611
0.010567420,1,8127
0.010578760,2,8127
0.010590100,1,7164
0.010601440,2,7164
0.010612785,1,6236
0.010624125,2,6236
0.010635465,1,4737
0.010646810,2,4737
0.010658150,1,3755
0.010669490,2,3755
0.010680830,1,2831
0.010692170,2,2831
0.010703515,1,1163
0.010714855,2,1163
0.010726195,1,149
0.010737540,2,149
0.010748880,1,64511
0.010760220,2,64511
0.010771560,1,63208
0.010782905,2,63208
0.010794245,1,61944
0.010805585,2,61944
0.010816925,1,60990
0.010828270,2,60990
0.010839610,1,59578
0.010850950,2,59578
0.010862295,1,58544
0.010873635,2,58544
0.010884975,1,57693
0.010896320,2,57693
0.010907660,1,56294
0.010919000,2,56294
0.010930340,1,55534
0.010941680,2,55534
0.010953025,1,54418
0.010964365,2,54418
0.010975705,1,53394
0.010987050,2,53394
0.010998390,1,52500
0.011009730,2,52500
0.011021075,1,51859
0.011032415,2,51859
0.011043755,1,50816
0.011055095,2,50816
0.011066435,1,49938
0.011077780,2,49938
0.011089120,1,48967
0.011100465,2,48967
0.011111805,1,48771
0.011123145,2,48771
0.011134485,1,48413
0.011145830,2,48413
0.011157170,1,47632
0.011168510,2,47632
0.011179855,1,46851
0.011191190,2,46851
0.011202535,1,46674
0.011213875,2,46674
0.011225220,1,46076
0.011236560,2,46076
0.011247900,1,46285
0.011259240,2,46285
0.011270585,1,45900
0.011281925,2,45900
0.011293265,1,45926
0.011304605,2,45926
0.011315950,1,45980
0.011327290,2,45980
0.011338630,1,45912
0.011349970,2,45912
0.011361315,1,46070
0.011372655,2,46070
0.011383995,1,46322
0.011395340,2,46322
0.011406680,1,46875
0.011418020,2,46875
0.011429365,1,47055
0.011440705,2,47055
0.011452045,1,47316
0.011463385,2,47316
0.011474725,1,47981
0.011486070,2,47981
0.011497410,1,48557
0.011508750,2,48557
0.011520095,1,49231
0.011531435,2,49231
0.011542775,1,50022
0.011554115,2,50022
0.011565460,1,50765
0.011576800,2,50765
0.011588140,1,51514
0.011599485,2,51514
0.011610825,1,52445
0.011622165,2,52445
0.011633505,1,53065
0.011644850,2,53065
0.011656190,1,54397
0.011667530,2,54397
0.011678875,1,55393
0.011690215,2,55393
0.011701555,1,56555
0.011712895,2,56555
0.011724240,1,57172
0.011735580,2,57172
0.011746920,1,58967
0.011758260,2,58967
0.011769605,1,59621
0.011780945,2,59621
0.011792285,1,60728
0.011803625,2,60728
0.011814970,1,62195
0.011826310,2,62195
0.011837650,1,63112
0.011848990,2,63112
0.011860335,1,64621
0.011871675,2,64621
0.011883015,1,174
0.011894360,2,174
0.011905700,1,1273
0.011917040,2,1273
0.011928385,1,2504
0.011939725,2,2504
0.011951065,1,3715
0.011962405,2,3715
0.011973750,1,4620
0.011985090,2,4620
0.011996430,1,6020
0.012007775,2,6020
0.012019115,1,6975
0.012030455,2,6975
0.012041795,1,7986
0.012053140,2,7986
0.012064480,1,9064
0.012075820,2,9064
0.012087160,1,9738
0.012098505,2,9738
0.012109845,1,11013
0.012121185,2,11013
0.012132530,1,12032
0.012143870,2,12032
0.012155210,1,12465
0.012166550,2,12465
0.012177895,1,13628
0.012189235,2,13628
0.012200575,1,14489
0.012211915,2,14489
0.012223260,1,15233
0.012234600,2,15233
0.012245940,1,15770
0.012257285,2,15770
0.012268625,1,16374
0.012279965,2,16374
0.012291305,1,16651
0.012302650,2,16651
0.012313990,1,17159
0.012325330,2,17159
0.012336670,1,17528
0.012348015,2,17528
0.012359355,1,17766
0.012370695,2,17766
0.012382035,1,18318
0.012393380,2,18318
0.012404720,1,18045
0.012416060,2,18045
0.012427400,1,18448
0.012438745,2,18448
0.012450085,1,18358
0.012461425,2,18358
0.012472770,1,18269
0.012484110,2,18269
0.012495450,1,18320
0.012506790,2,18320
0.012518135,1,18009
0.012529475,2,18009
0.012540815,1,17915
0.012552160,2,17915
0.012563500,1,17383
0.012574840,2,17383
0.012586180,1,16839
0.012597525,2,16839
0.012608865,1,16538
0.012620205,2,16538
0.012631550,1,16040
0.012642890,2,16040
0.012654230,1,15304
0.012665570,2,15304
0.012676915,1,14699
0.012688255,2,14699
0.012699595,1,13788
0.012710935,2,13788
0.012722280,1,13172
0.012733620,2,13172
0.012744960,1,12406
0.012756305,2,12406
0.012767645,1,11297
0.012778985,2,11297
0.012790325,1,10327
0.012801670,2,10327
0.012813010,1,9420
0.012824350,2,9420
0.012835690,1,8244
0.012847035,2,8244
0.012858375,1,7468
0.012869715,2,7468
0.012881060,1,6175
0.012892400,2,6175
0.012903740,1,5327
0.012915080,2,5327
0.012926425,1,3703
0.012937765,2,3703
0.012949105,1,3152
0.012960450,2,3152
0.012971790,1,1711
0.012983130,2,1711
0.012994470,1,839
0.013005815,2,839
0.013017155,1,64738
0.013028495,2,64738
0.013039835,1,63786
0.013051180,2,63786
0.013062520,1,62613
0.013073860,2,62613
0.013085205,1,61467
0.013096545,2,61467
0.013107885,1,60414
0.013119225,2,60414
0.013130570,1,59161
0.013141910,2,59161
0.013153250,1,58049
0.013164590,2,58049
0.013175935,1,57092
0.013187275,2,57092
0.013198615,1,55881
0.013209955,2,55881
0.013221300,1,54978
0.013232640,2,54978
0.013243980,1,54005
0.013255325,2,54005
0.013266665,1,53408
0.013278005,2,53408
0.013289350,1,52082
0.013300690,2,52082
0.013312030,1,51401
0.013323370,2,51401
0.013334715,1,50519
0.013346055,2,50519
0.013357395,1,49906
0.013368735,2,49906
0.013380080,1,49309
0.013391420,2,49309
0.013402760,1,49102
0.013414100,2,49102
0.013425445,1,48310
0.013436785,2,48310
0.013448125,1,47808
0.013459470,2,47808
0.013470810,1,47310
0.013482150,2,47310
0.013493495,1,47380
0.013504835,2,47380
0.013516175,1,47081
0.013527515,2,47081
0.013538860,1,46756
0.013550200,2,46756
0.013561540,1,46843
0.013572880,2,46843
0.013584225,1,47312
0.013595565,2,47312
0.013606905,1,46781
0.013618250,2,46781
0.013629590,1,47246
0.013640930,2,47246
0.013652270,1,46981
0.013663615,2,46981
0.013674955,1,47381
0.013686295,2,47381
0.013697635,1,47993
0.013708980,2,47993
0.013720320,1,47981
0.013731660,2,47981
0.013743005,1,48595
0.013754345,2,48595
0.013765685,1,49354
0.013777030,2,49354
0.013788370,1,48429
0.013799710,2,48429
0.013811050,1,49255
0.013822390,2,49255
0.013833735,1,49995
0.013845075,2,49995
0.013856415,1,51018
0.013867760,2,51018
0.013879100,1,51707
0.013890440,2,51707
0.013901785,1,52972
0.013913125,2,52972
0.013924465,1,53644
0.013935805,2,53644
0.013947145,1,54495
0.013958490,2,54495
0.013969830,1,55815
0.013981170,2,55815
0.013992515,1,57033
0.014003855,2,57033
0.014015195,1,58235
0.014026535,2,58235
0.014037880,1,59423
0.014049220,2,59423
0.014060560,1,60460
0.014071905,2,60460
0.014083245,1,61637
0.014094585,2,61637
0.014105925,1,63227
0.014117270,2,63227
0.014128610,1,64620
0.014139950,2,64620
0.014151295,1,107
0.014162635,2,107
0.014173975,1,1316
0.014185315,2,1316
0.014196660,1,2479
0.014208000,2,2479
0.014219340,1,4693
0.014230680,2,4693
0.014242025,1,6654
0.014253365,2,6654
0.014264705,1,6731
0.014276050,2,6731
0.014287390,1,7245
0.014298730,2,7245
0.014310070,1,8118
0.014321415,2,8118
0.014332755,1,9797
0.014344095,2,9797
0.014355435,1,10796
0.014366780,2,10796
0.014378120,1,11896
0.014389460,2,11896
0.014400805,1,12695
0.014412145,2,12695
0.014423485,1,13608
0.014434825,2,13608
0.014446170,1,14713
0.014457510,2,14713
0.014468850,1,15706
0.014480195,2,15706
0.014491535,1,16355
0.014502875,2,16355
0.014514215,1,16852
0.014525560,2,16852
0.014536900,1,17409
0.014548240,2,17409
0.014559585,1,17938
0.014570920,2,17938
0.014582265,1,18560
0.014593605,2,18560
0.014604945,1,19028
0.014616290,2,19028
0.014627630,1,19198
0.014638970,2,19198
0.014650315,1,19542
0.014661655,2,19542
0.014672995,1,19458
0.014684335,2,19458
0.014695680,1,19772
0.014707020,2,19772
0.014718360,1,19624
0.014729700,2,19624
0.014741045,1,19867
0.014752385,2,19867
0.014763725,1,19733
0.014775070,2,19733
0.014786410,1,19529
0.014797750,2,19529
0.014809090,1,19226
0.014820435,2,19226
0.014831775,1,18798
0.014843115,2,18798
0.014854460,1,18511
0.014865800,2,18511
0.014877140,1,17851
0.014888480,2,17851
0.014899825,1,17416
0.014911165,2,17416
0.014922505,1,16820
0.014933845,2,16820
0.014945190,1,15933
0.014956530,2,15933
0.014967870,1,14924
0.014979215,2,14924
0.014990555,1,14356
0.015001895,2,14356
0.015013235,1,13412
0.015024580,2,13412
0.015035920,1,12555
0.015047260,2,12555
0.015058600,1,11660
0.015069945,2,11660
0.015081285,1,10553
0.015092625,2,10553
0.015103970,1,9234
0.015115310,2,9234
0.015126650,1,8438
0.015137990,2,8438
0.015149335,1,7032
0.015160675,2,7032
0.015172015,1,5850
0.015183355,2,5850
0.015194700,1,4573
0.015206040,2,4573
0.015217380,1,3523
0.015228725,2,3523
0.015240065,1,2076
0.015251405,2,2076
0.015262750,1,719
0.015274090,2,719
0.015285430,1,65146
0.015296770,2,65146
0.015308115,1,63699
0.015319455,2,63699
0.015330795,1,62468
0.015342135,2,62468
0.015353480,1,61405
0.015364820,2,61405
0.015376160,1,60161
0.015387500,2,60161
0.015398845,1,58877
0.015410185,2,58877
0.015421525,1,57701
0.015432865,2,57701
0.015444210,1,56550
0.015455550,2,56550
0.015466890,1,55488
0.015478235,2,55488
0.015489575,1,54407
0.015500915,2,54407
0.015512260,1,53235
0.015523600,2,53235
0.015534940,1,52299
0.015546280,2,52299
0.015557620,1,51468
0.015568965,2,51468
0.015580305,1,50502
0.015591645,2,50502
0.015602990,1,49192
0.015614330,2,49192
0.015625670,1,48507
0.015637015,2,48507
0.015648355,1,47689
0.015659695,2,47689
0.015671035,1,47026
0.015682380,2,47026
0.015693720,1,46568
0.015705060,2,46568
0.015716400,1,45894
0.015727745,2,45894
0.015739085,1,45657
0.015750425,2,45657
0.015761765,1,45191
0.015773110,2,45191
0.015784450,1,44804
0.015795790,2,44804
0.015807135,1,44542
0.015818475,2,44542
0.015829815,1,44752
0.015841160,2,44752
0.015852500,1,44613
0.015863840,2,44613
0.015875180,1,44497
0.015886525,2,44497
0.015897865,1,44882
0.015909205,2,44882
0.015920545,1,45096
0.015931890,2,45096
0.015943230,1,45065
0.015954570,2,45065
0.015965915,1,45565
0.015977255,2,45565
0.015988595,1,46274
0.015999935,2,46274
0.016011280,1,46600
0.016022620,2,46600
0.016033960,1,47258
0.016045305,2,47258
0.016056645,1,47915
0.016067985,2,47915
0.016079325,1,48307
0.016090670,2,48307
0.016102010,1,49404
0.016113350,2,49404
0.016124690,1,50340
0.016136035,2,50340
0.016147375,1,51213
0.016158715,2,51213
0.016170060,1,51991
0.016181400,2,51991
0.016192740,1,53173
0.016204080,2,53173
0.016215425,1,53777
0.016226765,2,53777
0.016238105,1,55286
0.016249445,2,55286
0.016260790,1,56512
0.016272130,2,56512
0.016283470,1,57717
0.016294815,2,57717
0.016306155,1,58741
0.016317495,2,58741
0.016328835,1,60047
0.016340180,2,60047
0.016351520,1,61615
0.016362860,2,61615
0.016374205,1,62575
0.016385545,2,62575
0.016396885,1,64193
0.016408225,2,64193
0.016419570,1,65078
0.016430910,2,65078
0.016442250,1,908
0.016453590,2,908
0.016464935,1,2327
0.016476275,2,2327
0.016487615,1,3737
0.016498955,2,3737
0.016510300,1,4796
0.016521640,2,4796
0.016532980,1,6192
0.016544325,2,6192
0.016555665,1,7400
0.016567005,2,7400
0.016578345,1,8579
0.016589690,2,8579
0.016601030,1,9698
0.016612370,2,9698
0.016623710,1,10762
0.016635055,2,10762
0.016646395,1,12066
0.016657735,2,12066
0.016669080,1,12802
0.016680420,2,12802
0.016691760,1,13956
0.016703100,2,13956
0.016714445,1,14668
0.016725785,2,14668
0.016737125,1,15886
0.016748470,2,15886
0.016759810,1,16330
0.016771150,2,16330
0.016782495,1,17291
0.016793835,2,17291
0.016805175,1,18014
0.016816515,2,18014
0.016827855,1,18604
0.016839200,2,18604
0.016850540,1,19056
0.016861880,2,19056
0.016873225,1,19642
0.016884565,2,19642
0.016895905,1,19832
0.016907250,2,19832
0.016918590,1,20241
0.016929930,2,20241
0.016941270,1,20363
0.016952610,2,20363
0.016963955,1,20648
0.016975295,2,20648
0.016986635,1,20608
0.016997980,2,20608
0.017009320,1,20743
0.017020660,2,20743
0.017032000,1,20344
0.017043345,2,20344
0.017054685,1,20388
0.017066025,2,20388
0.017077365,1,19892
0.017088710,2,19892
0.017100050,1,19562
0.017111390,2,19562
0.017122735,1,19415
0.017134075,2,19415
0.017145415,1,18790
0.017156760,2,18790
0.017168100,1,18148
0.017179440,2,18148
0.017190780,1,17461
0.017202125,2,17461
0.017213465,1,16733
0.017224805,2,16733
0.017236145,1,16225
0.017247490,2,16225
0.017258830,1,15190
0.017270170,2,15190
0.017281510,1,14202
0.017292855,2,14202
0.017304195,1,13102
0.017315535,2,13102
0.017326880,1,12142
0.017338220,2,12142
0.017349560,1,11312
0.017360900,2,11312
0.017372245,1,10142
0.017383585,2,10142
0.017394925,1,8979
0.017406270,2,8979
0.017417610,1,8148
0.017428950,2,8148
0.017440290,1,6652
0.017451635,2,6652
0.017462975,1,5504
0.017474315,2,5504
0.017485655,1,4081
0.017497000,2,4081
0.017508340,1,2882
0.017519680,2,2882
0.017531025,1,1420
0.017542365,2,1420
0.017553705,1,173
0.017565045,2,173
0.017576390,1,64273
0.017587730,2,64273
0.017599070,1,62875
0.017610410,2,62875
0.017621755,1,61730
0.017633095,2,61730
0.017644435,1,60276
0.017655780,2,60276
0.017667120,1,58834
0.017678460,2,58834
0.017689800,1,57972
0.017701145,2,57972
0.017712485,1,56276
0.017723825,2,56276
0.017735165,1,55158
0.017746510,2,55158
0.017757850,1,54497
0.017769190,2,54497
0.017780535,1,53109
0.017791875,2,53109
0.017803215,1,52162
0.017814555,2,52162
0.017825900,1,50974
0.017837240,2,50974
0.017848580,1,49979
0.017859920,2,49979
0.017871265,1,49208
0.017882605,2,49208
0.017893945,1,48376
0.017905290,2,48376
0.017916630,1,47621
0.017927970,2,47621
0.017939310,1,46802
0.017950650,2,46802
0.017961995,1,46060
0.017973335,2,46060
0.017984680,1,45763
0.017996020,2,45763
0.018007360,1,45134
0.018018700,2,45134
0.018030045,1,44861
0.018041385,2,44861
0.018052725,1,44497
0.018064070,2,44497
0.018075410,1,44249
0.018086750,2,44249
0.018098090,1,44066
0.018109430,2,44066
0.018120775,1,44092
0.018132115,2,44092
0.018143455,1,44002
0.018154800,2,44002
0.018166140,1,44236
0.018177480,2,44236
0.018188820,1,44359
0.018200165,2,44359
0.018211505,1,44728
0.018222845,2,44728
0.018234190,1,44931
0.018245530,2,44931
0.018256870,1,45546
0.018268210,2,45546
0.018279555,1,45940
0.018290895,2,45940
0.018302235,1,46140
0.018313575,2,46140
0.018324920,1,46904
0.018336260,2,46904
0.018347600,1,47721
0.018358945,2,47721
0.018370285,1,48800
0.018381625,2,48800
0.018392970,1,49271
0.018404310,2,49271
0.018415650,1,50650
0.018426990,2,50650
0.018438330,1,51515
0.018449675,2,51515
0.018461015,1,52372
0.018472355,2,52372
0.018483700,1,53818
0.018495040,2,53818
0.018506380,1,54647
0.018517720,2,54647
0.018529065,1,56243
0.018540405,2,56243
0.018551745,1,57696
0.018563085,2,57696
0.018574430,1,58263
0.018585770,2,58263
0.018597110,1,59605
0.018608455,2,59605
0.018619795,1,60764
0.018631135,2,60764
0.018642480,1,62401
0.018653820,2,62401
0.018665160,1,63319
0.018676500,2,63319
0.018687845,1,65007
0.018699185,2,65007
0.018710525,1,613
0.018721865,2,613
0.018733210,1,2181
0.018744550,2,2181
0.018755890,1,3225
0.018767235,2,3225
0.018778575,1,4691
0.018789915,2,4691
0.018801255,1,5920
0.018812600,2,5920
0.018823940,1,7341
0.018835280,2,7341
0.018846620,1,8393
0.018857965,2,8393
0.018869305,1,9668
0.018880645,2,9668
0.018891990,1,11040
0.018903330,2,11040
0.018914670,1,11886
0.018926015,2,11886
0.018937355,1,13240
0.018948695,2,13240
0.018960035,1,13853
0.018971375,2,13853
0.018982720,1,15207
0.018994060,2,15207
0.019005400,1,16039
0.019016745,2,16039
0.019028085,1,17012
0.019039425,2,17012
0.019050765,1,17712
0.019062110,2,17712
0.019073450,1,18355
0.019084790,2,18355
0.019096135,1,19029
0.019107475,2,19029
0.019118815,1,19626
0.019130155,2,19626
0.019141500,1,20135
0.019152840,2,20135
0.019164180,1,20593
0.019175520,2,20593
0.019186865,1,21076
0.019198205,2,21076
0.019209545,1,21050
0.019220885,2,21050
0.019232230,1,22183
0.019243570,2,22183
0.019254910,1,21934
0.019266255,2,21934
0.019277595,1,22091
0.019288935,2,22091
0.019300275,1,21706
0.019311620,2,21706
0.019322960,1,21412
0.019334300,2,21412
0.019345640,1,21396
0.019356985,2,21396
0.019368325,1,21153
0.019379665,2,21153
0.019391010,1,20749
0.019402350,2,20749
0.019413690,1,20217
0.019425035,2,20217
0.019436375,1,19743
0.019447715,2,19743
0.019459055,1,18848
0.019470400,2,18848
0.019481740,1,18177
0.019493080,2,18177
0.019504420,1,17327
0.019515765,2,17327
0.019527105,1,16378
0.019538445,2,16378
0.019549785,1,15744
0.019561130,2,15744
0.019572470,1,14482
0.019583810,2,14482
0.019595155,1,13450
0.019606495,2,13450
0.019617835,1,12283
0.019629180,2,12283
0.019640520,1,11172
0.019651860,2,11172
0.019663200,1,9757
0.019674545,2,9757
0.019685885,1,8404
0.019697225,2,8404
0.019708565,1,7144
0.019719910,2,7144
0.019731250,1,6054
0.019742590,2,6054
0.019753930,1,4571
0.019765275,2,4571
0.019776615,1,3090
0.019787955,2,3090
0.019799300,1,1987
0.019810640,2,1987
0.019821980,1,410
0.019833320,2,410
0.019844665,1,64545
0.019856005,2,64545
0.019867345,1,63252
0.019878690,2,63252
0.019890030,1,61971
0.019901370,2,61971
0.019912710,1,60620
0.019924055,2,60620
0.019935395,1,58992
0.019946735,2,58992
0.019958075,1,57849
0.019969420,2,57849
0.019980760,1,56363
0.019992100,2,56363
0.020003445,1,55492
0.020014785,2,55492
0.020026125,1,53996
0.020037465,2,53996
0.020048810,1,53014
0.020060150,2,53014
0.020071490,1,51633
0.020082830,2,51633
0.020094175,1,50682
0.020105515,2,50682
0.020116855,1,49781
0.020128200,2,49781
0.020139540,1,48759
0.020150880,2,48759
0.020162220,1,48043
0.020173565,2,48043
0.020184905,1,47057
0.020196245,2,47057
0.020207585,1,47104
0.020218930,2,47104
0.020230270,1,45623
0.020241610,2,45623
0.020252955,1,45199
0.020264295,2,45199
0.020275635,1,44548
0.020286975,2,44548
0.020298320,1,44139
0.020309660,2,44139
0.020321000,1,43498
0.020332345,2,43498
0.020343685,1,43585
0.020355025,2,43585
0.020366365,1,43247
0.020377710,2,43247
0.020389050,1,43143
0.020400390,2,43143
0.020411735,1,43265
0.020423075,2,43265
0.020434415,1,43495
0.020445755,2,43495
0.020457100,1,43517
0.020468440,2,43517
0.020479780,1,43806
0.020491125,2,43806
0.020502465,1,44176
0.020513805,2,44176
0.020525145,1,44757
0.020536490,2,44757
0.020547830,1,45093
0.020559170,2,45093
0.020570510,1,45539
0.020581850,2,45539
0.020593195,1,46311
0.020604535,2,46311
0.020615880,1,47034
0.020627220,2,47034
0.020638560,1,47979
0.020649900,2,47979
0.020661240,1,48643
0.020672585,2,48643
0.020683925,1,49726
0.020695265,2,49726
0.020706610,1,50619
0.020717950,2,50619
0.020729290,1,51883
0.020740630,2,51883
0.020751975,1,53020
0.020763315,2,53020
0.020774655,1,54066
0.020785995,2,54066
0.020797340,1,55336
0.020808680,2,55336
0.020820025,1,56527
0.020831365,2,56527
0.020842705,1,57749
0.020854045,2,57749
0.020865385,1,59319
0.020876730,2,59319
0.020888070,1,60723
0.020899410,2,60723
0.020910755,1,62029
0.020922095,2,62029
0.020933435,1,63351
0.020944780,2,63351
0.020956120,1,64637
0.020967460,2,64637
0.020978800,1,489
0.020990145,2,489
0.021001485,1,2075
0.021012825,2,2075
0.021024165,1,4325
0.021035510,2,4325
0.021046850,1,5823
0.021058190,2,5823
0.021069530,1,7448
0.021080875,2,7448
0.021092215,1,8279
0.021103555,2,8279
0.021114900,1,9721
0.021126240,2,9721
0.021137580,1,11669
0.021148925,2,11669
0.021160265,1,12154
0.021171605,2,12154
0.021182945,1,13592
0.021194285,2,13592
0.021205630,1,14417
0.021216970,2,14417
0.021228310,1,16036
0.021239655,2,16036
0.021250995,1,17133
0.021262335,2,17133
0.021273680,1,17891
0.021285020,2,17891
0.021296360,1,18627
0.021307700,2,18627
0.021319040,1,19619
0.021330385,2,19619
0.021341725,1,20367
0.021353065,2,20367
0.021364410,1,21436
0.021375750,2,21436
0.021387090,1,21334
0.021398435,2,21334
0.021409775,1,22712
0.021421115,2,22712
0.021432455,1,22251
0.021443800,2,22251
0.021455140,1,32370
0.021466480,2,32370
0.021477820,1,32767
0.021489165,2,32767
0.021500505,1,32767
0.021511845,2,32767
0.021523190,1,32767
0.021534530,2,32767
0.021545870,1,32767
0.021557210,2,32767
0.021568555,1,32767
0.021579895,2,32767
0.021591235,1,32767
0.021602575,2,32767
0.021613920,1,26027
0.021625260,2,26027
0.021636600,1,21821
0.021647945,2,21821
0.021659285,1,22491
0.021670625,2,22491
0.021681965,1,21508
0.021693310,2,21508
0.021704650,1,20906
0.021715990,2,20906
0.021727330,1,19921
0.021738675,2,19921
0.021750015,1,19798
0.021761355,2,19798
0.021772700,1,17946
0.021784040,2,17946
0.021795380,1,19922
0.021806720,2,19922
0.021818065,1,32281
0.021829405,2,32281
0.021840745,1,30060
0.021852085,2,30060
0.021863430,1,29055
0.021874770,2,29055
0.021886110,1,28055
0.021897455,2,28055
0.021908795,1,25820
0.021920135,2,25820
0.021931475,1,25041
0.021942820,2,25041
0.021954160,1,20567
0.021965500,2,20567
0.021976840,1,7608
0.021988185,2,7608
0.021999525,1,7344
0.022010865,2,7344
0.022022210,1,5534
0.022033550,2,5534
0.022044890,1,4322
0.022056235,2,4322
0.022067575,1,2328
0.022078915,2,2328
0.022090255,1,277
0.022101600,2,277
0.022112940,1,64221
0.022124280,2,64221
0.022135620,1,62646
0.022146965,2,62646
0.022158305,1,61174
0.022169645,2,61174
0.022180990,1,60086
0.022192330,2,60086
0.022203670,1,58810
0.022215010,2,58810
0.022226355,1,57228
0.022237695,2,57228
0.022249035,1,55947
0.022260375,2,55947
0.022271720,1,54458
0.022283060,2,54458
0.022294400,1,53026
0.022305740,2,53026
0.022317085,1,51927
0.022328425,2,51927
0.022339765,1,50849
0.022351110,2,50849
0.022362450,1,49922
0.022373790,2,49922
0.022385130,1,49092
0.022396475,2,49092
0.022407815,1,47577
0.022419155,2,47577
0.022430500,1,46809
0.022441840,2,46809
0.022453180,1,46154
0.022464520,2,46154
0.022475865,1,45232
0.022487205,2,45232
0.022498545,1,44821
0.022509885,2,44821
0.022521230,1,43949
0.022532570,2,43949
0.022543910,1,43640
0.022555255,2,43640
0.022566595,1,42966
0.022577935,2,42966
0.022589275,1,42723
0.022600620,2,42723
0.022611960,1,42319
0.022623300,2,42319
0.022634640,1,42184
0.022645985,2,42184
0.022657325,1,42007
0.022668665,2,42007
0.022680010,1,42376
0.022691350,2,42376
0.022702690,1,41876
0.022714030,2,41876
0.022725375,1,42194
0.022736715,2,42194
0.022748055,1,42479
0.022759400,2,42479
0.022770740,1,43172
0.022782080,2,43172
0.022793420,1,43420
0.022804765,2,43420
0.022816105,1,43795
0.022827445,2,43795
0.022838785,1,44695
0.022850130,2,44695
0.022861470,1,45939
0.022872810,2,45939
0.022884155,1,46288
0.022895495,2,46288
0.022906835,1,47444
0.022918175,2,47444
0.022929520,1,48515
0.022940860,2,48515
0.022952200,1,49806
0.022963540,2,49806
0.022974885,1,51180
0.022986225,2,51180
0.022997565,1,52200
0.023008910,2,52200
0.023020250,1,53337
0.023031590,2,53337
0.023042930,1,55453
0.023054275,2,55453
0.023065615,1,56108
0.023076955,2,56108
0.023088295,1,57227
0.023099640,2,57227
0.023110980,1,58137
0.023122320,2,58137
0.023133665,1,59243
0.023145005,2,59243
0.023156345,1,60626
0.023167685,2,60626
0.023179030,1,61762
0.023190370,2,61762
0.023201710,1,62733
0.023213050,2,62733
0.023224395,1,63861
0.023235735,2,63861
0.023247075,1,65273
0.023258420,2,65273
0.023269760,1,1028
0.023281100,2,1028
0.023292440,1,2089
0.023303785,2,2089
0.023315125,1,3377
0.023326465,2,3377
0.023337805,1,4322
0.023349150,2,4322
0.023360490,1,5840
0.023371830,2,5840
0.023383175,1,6992
0.023394515,2,6992
0.023405855,1,8040
0.023417200,2,8040
0.023428540,1,8884
0.023439880,2,8884
0.023451220,1,9923
0.023462565,2,9923
0.023473905,1,10994
0.023485245,2,10994
0.023496585,1,11855
0.023507930,2,11855
0.023519270,1,12648
0.023530610,2,12648
0.023541950,1,13715
0.023553295,2,13715
0.023564635,1,14558
0.023575975,2,14558
0.023587320,1,15772
0.023598660,2,15772
0.023610000,1,15711
0.023621340,2,15711
0.023632685,1,16667
0.023644025,2,16667
0.023655365,1,16711
0.023666710,2,16711
0.023678050,1,17414
0.023689390,2,17414
0.023700730,1,17799
0.023712075,2,17799
0.023723415,1,17977
0.023734755,2,17977
0.023746095,1,18326
0.023757440,2,18326
0.023768780,1,18573
0.023780120,2,18573
0.023791465,1,18402
0.023802805,2,18402
0.023814145,1,18523
0.023825485,2,18523
0.023836825,1,18523
0.023848170,2,18523
0.023859510,1,18066
0.023870850,2,18066
0.023882195,1,18067
0.023893535,2,18067
0.023904875,1,17753
0.023916220,2,17753
0.023927560,1,17624
0.023938900,2,17624
0.023950240,1,17167
0.023961585,2,17167
0.023972925,1,16423
0.023984265,2,16423
0.023995610,1,15814
0.024006950,2,15814
0.024018290,1,15303
0.024029630,2,15303
0.024040975,1,14889
0.024052315,2,14889
0.024063655,1,13957
0.024074995,2,13957
0.024086340,1,13184
0.024097680,2,13184
0.024109020,1,12453
0.024120365,2,12453
0.024131705,1,11451
0.024143045,2,11451
0.024154385,1,10187
0.024165730,2,10187
0.024177070,1,9345
0.024188410,2,9345
0.024199750,1,8378
0.024211095,2,8378
0.024222435,1,7406
0.024233775,2,7406
0.024245120,1,6275
0.024256460,2,6275
0.024267800,1,5292
0.024279140,2,5292
0.024290485,1,3724
0.024301825,2,3724
0.024313165,1,2809
0.024324505,2,2809
0.024335850,1,1193
0.024347190,2,1193
0.024358530,1,676
0.024369875,2,676
0.024381215,1,64787
0.024392555,2,64787
0.024403895,1,63623
0.024415240,2,63623
0.024426580,1,62283
0.024437920,2,62283
0.024449260,1,61231
0.024460605,2,61231
0.024471945,1,59983
0.024483285,2,59983
0.024494630,1,58962
0.024505970,2,58962
0.024517310,1,58027
0.024528650,2,58027
0.024539995,1,56649
0.024551335,2,56649
0.024562675,1,55359
0.024574015,2,55359
0.024585360,1,54620
0.024596700,2,54620
0.024608040,1,53480
0.024619385,2,53480
0.024630725,1,52710
0.024642065,2,52710
0.024653410,1,51889
0.024664750,2,51889
0.024676090,1,50891
0.024687430,2,50891
0.024698770,1,50340
0.024710115,2,50340
0.024721455,1,49417
0.024732795,2,49417
0.024744140,1,48854
0.024755480,2,48854
0.024766820,1,48346
0.024778160,2,48346
0.024789505,1,47664
0.024800845,2,47664
0.024812185,1,47458
0.024823525,2,47458
0.024834870,1,47180
0.024846210,2,47180
0.024857550,1,46271
0.024868895,2,46271
0.024880235,1,46282
0.024891575,2,46282
0.024902920,1,46158
0.024914260,2,46158
0.024925600,1,45850
0.024936940,2,45850
0.024948285,1,46158
0.024959625,2,46158
0.024970965,1,46150
0.024982305,2,46150
0.024993650,1,45947
0.025004990,2,45947
0.025016330,1,46347
0.025027675,2,46347
0.025039015,1,46840
0.025050355,2,46840
0.025061695,1,47066
0.025073040,2,47066
0.025084380,1,47948
0.025095720,2,47948
0.025107065,1,47963
0.025118405,2,47963
0.025129745,1,48811
0.025141085,2,48811
0.025152430,1,49351
0.025163770,2,49351
0.025175110,1,49872
0.025186450,2,49872
0.025197795,1,50620
0.025209135,2,50620
0.025220475,1,51431
0.025231815,2,51431
0.025243160,1,52287
0.025254500,2,52287
0.025265840,1,52941
0.025277185,2,52941
0.025288525,1,53994
0.025299865,2,53994
0.025311205,1,54740
0.025322550,2,54740
0.025333890,1,56090
0.025345230,2,56090
0.025356575,1,56950
0.025367915,2,56950
0.025379255,1,58360
0.025390595,2,58360
0.025401940,1,59536
0.025413280,2,59536
0.025424620,1,60632
0.025435965,2,60632
0.025447305,1,61485
0.025458645,2,61485
0.025469985,1,62851
0.025481330,2,62851
0.025492670,1,64014
0.025504010,2,64014
0.025515355,1,65097
0.025526695,2,65097
0.025538035,1,633
0.025549375,2,633
0.025560715,1,2014
0.025572060,2,2014
0.025583400,1,3158
0.025594740,2,3158
0.025606085,1,4368
0.025617425,2,4368
0.025628765,1,5508
0.025640110,2,5508
0.025651450,1,6192
0.025662790,2,6192
0.025674130,1,7480
0.025685475,2,7480
0.025696815,1,8399
0.025708155,2,8399
0.025719495,1,9508
0.025730840,2,9508
0.025742180,1,10411
0.025753520,2,10411
0.025764865,1,11564
0.025776205,2,11564
0.025787545,1,12155
0.025798885,2,12155
0.025810230,1,13192
0.025821570,2,13192
0.025832910,1,13751
0.025844250,2,13751
0.025855595,1,14401
0.025866935,2,14401
0.025878275,1,15181
0.025889615,2,15181
0.025900960,1,15708
0.025912300,2,15708
0.025923640,1,16181
0.025934985,2,16181
0.025946325,1,16752
0.025957665,2,16752
0.025969005,1,17103
0.025980350,2,17103
0.025991690,1,17443
0.026003030,2,17443
0.026014375,1,17835
0.026025715,2,17835
0.026037055,1,17945
0.026048395,2,17945
0.026059740,1,18009
0.026071080,2,18009
0.026082420,1,18071
0.026093760,2,18071
0.026105105,1,18067
0.026116445,2,18067
0.026127785,1,17986
0.026139130,2,17986
0.026150470,1,18098
0.026161810,2,18098
0.026173155,1,17743
0.026184495,2,17743
0.026195835,1,17330
0.026207175,2,17330
0.026218515,1,16930
0.026229860,2,16930
0.026241200,1,16393
0.026252540,2,16393
0.026263885,1,15953
0.026275225,2,15953
0.026286565,1,15309
0.026297905,2,15309
0.026309245,1,14549
0.026320590,2,14549
0.026331930,1,13987
0.026343270,2,13987
0.026354615,1,13106
0.026365955,2,13106
0.026377295,1,12649
0.026388640,2,12649
0.026399980,1,11751
0.026411320,2,11751
0.026422665,1,10582
0.026434005,2,10582
0.026445345,1,9769
0.026456685,2,9769
0.026468030,1,8521
0.026479370,2,8521
0.026490710,1,7690
0.026502050,2,7690
0.026513395,1,6532
0.026524735,2,6532
0.026536075,1,5357
0.026547415,2,5357
0.026558760,1,4401
0.026570100,2,4401
0.026581440,1,3435
0.026592785,2,3435
0.026604125,1,2194
0.026615465,2,2194
0.026626805,1,1072
0.026638150,2,1072
0.026649490,1,65258
0.026660830,2,65258
0.026672175,1,63936
0.026683515,2,63936
0.026694855,1,62983
0.026706195,2,62983
0.026717540,1,61751
0.026728880,2,61751
0.026740220,1,60853
0.026751565,2,60853
0.026762905,1,59695
0.026774245,2,59695
0.026785585,1,58379
0.026796930,2,58379
0.026808270,1,57404
0.026819610,2,57404
0.026830950,1,56365
0.026842295,2,56365
0.026853635,1,54426
0.026864975,2,54426
0.026876320,1,53357
0.026887660,2,53357
0.026899000,1,52429
0.026910340,2,52429
0.026921680,1,51393
0.026933025,2,51393
0.026944365,1,50642
0.026955710,2,50642
0.026967050,1,49607
0.026978390,2,49607
0.026989730,1,48802
0.027001070,2,48802
0.027012415,1,48801
0.027023755,2,48801
0.027035095,1,47379
0.027046440,2,47379
0.027057780,1,46958
0.027069120,2,46958
0.027080460,1,46122
0.027091805,2,46122
0.027103145,1,45647
0.027114485,2,45647
0.027125830,1,45615
0.027137170,2,45615
0.027148510,1,45259
0.027159850,2,45259
0.027171195,1,44959
0.027182535,2,44959
0.027193875,1,44700
0.027205215,2,44700
0.027216560,1,44540
0.027227900,2,44540
0.027239240,1,44738
0.027250585,2,44738
0.027261925,1,44950
0.027273265,2,44950
0.027284605,1,44917
0.027295950,2,44917
0.027307290,1,44937
0.027318630,2,44937
0.027329970,1,45499
0.027341315,2,45499
0.027352655,1,45925
0.027363995,2,45925
0.027375340,1,46474
0.027386680,2,46474
0.027398020,1,47043
0.027409360,2,47043
0.027420705,1,47767
0.027432045,2,47767
0.027443385,1,48480
0.027454725,2,48480
0.027466070,1,49128
0.027477410,2,49128
0.027488750,1,50099
0.027500095,2,50099
0.027511435,1,51036
0.027522775,2,51036
0.027534115,1,51920
0.027545460,2,51920
0.027556800,1,52916
0.027568140,2,52916
0.027579480,1,54141
0.027590825,2,54141
0.027602165,1,54886
0.027613505,2,54886
0.027624850,1,56535
0.027636190,2,56535
0.027647530,1,57489
0.027658875,2,57489
0.027670215,1,58661
0.027681555,2,58661
0.027692895,1,59806
0.027704235,2,59806
0.027715580,1,60902
0.027726920,2,60902
0.027738260,1,62388
0.027749605,2,62388
0.027760945,1,63506
0.027772285,2,63506
0.027783630,1,64926
0.027794970,2,64926
0.027806310,1,434
0.027817650,2,434
0.027828995,1,2781
0.027840335,2,2781
0.027851675,1,3904
0.027863015,2,3904
0.027874360,1,5482
0.027885700,2,5482
0.027897040,1,6489
0.027908385,2,6489
0.027919725,1,7635
0.027931065,2,7635
0.027942405,1,9365
0.027953750,2,9365
0.027965090,1,9834
0.027976430,2,9834
0.027987775,1,11161
0.027999115,2,11161
0.028010455,1,12326
0.028021795,2,12326
0.028033140,1,13308
0.028044480,2,13308
0.028055820,1,14075
0.028067160,2,14075
0.028078505,1,14993
0.028089845,2,14993
0.028101185,1,15900
0.028112530,2,15900
0.028123870,1,16667
0.028135210,2,16667
0.028146550,1,17708
0.028157895,2,17708
0.028169235,1,18000
0.028180575,2,18000
0.028191915,1,18726
0.028203260,2,18726
0.028214600,1,18904
0.028225940,2,18904
0.028237285,1,20033
0.028248625,2,20033
0.028259965,1,20006
0.028271305,2,20006
0.028282650,1,20487
0.028293990,2,20487
0.028305330,1,20222
0.028316670,2,20222
0.028328015,1,20779
0.028339355,2,20779
0.028350695,1,20959
0.028362040,2,20959
0.028373380,1,20920
0.028384720,2,20920
0.028396060,1,20836
0.028407405,2,20836
0.028418745,1,20625
0.028430085,2,20625
0.028441430,1,20433
0.028452770,2,20433
0.028464110,1,19894
0.028475450,2,19894
0.028486795,1,19650
0.028498135,2,19650
0.028509475,1,19106
0.028520815,2,19106
0.028532160,1,18884
0.028543500,2,18884
0.028554840,1,17541
0.028566180,2,17541
0.028577525,1,16276
0.028588865,2,16276
0.028600205,1,15670
0.028611550,2,15670
0.028622890,1,14627
0.028634230,2,14627
0.028645575,1,13995
0.028656915,2,13995
0.028668255,1,13241
0.028679595,2,13241
0.028690935,1,12281
0.028702280,2,12281
0.028713620,1,11219
0.028724960,2,11219
0.028736305,1,10031
0.028747645,2,10031
0.028758985,1,8842
0.028770330,2,8842
0.028781670,1,7694
0.028793010,2,7694
0.028804350,1,6531
0.028815695,2,6531
0.028827035,1,5211
0.028838375,2,5211
0.028849715,1,3810
0.028861060,2,3810
0.028872400,1,2597
0.028883740,2,2597
0.028895085,1,1342
0.028906425,2,1342
0.028917765,1,102
0.028929105,2,102
0.028940450,1,64238
0.028951790,2,64238
0.028963130,1,63555
0.028974470,2,63555
0.028985815,1,9567
0.028997155,2,9567
0.029008495,1,8217
0.029019840,2,8217
0.029031180,1,7121
0.029042520,2,7121
0.029053860,1,5810
0.029065200,2,5810
0.029076545,1,4700
0.029087885,2,4700
0.029099225,1,2915
0.029110570,2,2915
0.029121910,1,1120
0.029133250,2,1120
0.029144595,1,54119
0.029155935,2,54119
0.029167275,1,52835
0.029178615,2,52835
0.029189955,1,51250
0.029201300,2,51250
0.029212640,1,51074
0.029223980,2,51074
0.029235325,1,49696
0.029246665,2,49696
0.029258005,1,49395
0.029269350,2,49395
0.029280690,1,48335
0.029292030,2,48335
0.029303370,1,59975
0.029314715,2,59975
0.029326055,1,60695
0.029337395,2,60695
0.029348735,1,59503
0.029360080,2,59503
0.029371420,1,58556
0.029382760,2,58556
0.029394105,1,57896
0.029405445,2,57896
0.029416785,1,57817
0.029428125,2,57817
0.029439470,1,57435
0.029450810,2,57435
0.029462150,1,45788
0.029473490,2,45788
0.029484835,1,44831
0.029496175,2,44831
0.029507515,1,45141
0.029518860,2,45141
0.029530200,1,45024
0.029541540,2,45024
0.029552885,1,45280
0.029564225,2,45280
0.029575565,1,44889
0.029586905,2,44889
0.029598245,1,44706
0.029609590,2,44706
0.029620930,1,45065
0.029632270,2,45065
0.029643615,1,45737
0.029654955,2,45737
0.029666295,1,46171
0.029677635,2,46171
0.029688980,1,46979
0.029700320,2,46979
0.029711660,1,47340
0.029723005,2,47340
0.029734345,1,48601
0.029745685,2,48601
0.029757025,1,49138
0.029768370,2,49138
0.029779710,1,50208
0.029791050,2,50208
0.029802390,1,51158
0.029813735,2,51158
0.029825075,1,52081
0.029836415,2,52081
0.029847760,1,53286
0.029859100,2,53286
0.029870440,1,54283
0.029881780,2,54283
0.029893125,1,55568
0.029904465,2,55568
0.029915805,1,56827
0.029927150,2,56827
0.029938490,1,57636
0.029949830,2,57636
0.029961170,1,58985
0.029972515,2,58985
0.029983855,1,60277
0.029995195,2,60277
0.030006540,1,61672
0.030017880,2,61672
0.030029220,1,63154
0.030040560,2,63154
0.030051900,1,64280
0.030063245,2,64280
0.030074585,1,56
0.030085925,2,56
0.030097270,1,1315
0.030108610,2,1315
0.030119950,1,2870
0.030131295,2,2870
0.030142635,1,3711
0.030153975,2,3711
0.030165315,1,5120
0.030176660,2,5120
0.030188000,1,6511
0.030199340,2,6511
0.030210680,1,7824
0.030222025,2,7824
0.030233365,1,8908
0.030244705,2,8908
0.030256050,1,10087
0.030267390,2,10087
0.030278730,1,11075
0.030290070,2,11075
0.030301415,1,11982
0.030312755,2,11982
0.030324095,1,13031
0.030335435,2,13031
0.030346780,1,14166
0.030358120,2,14166
0.030369460,1,15335
0.030380805,2,15335
0.030392145,1,15753
0.030403485,2,15753
0.030414825,1,16707
0.030426170,2,16707
0.030437510,1,17411
0.030448850,2,17411
0.030460190,1,18088
0.030471535,2,18088
0.030482875,1,19113
0.030494215,2,19113
0.030505560,1,19589
0.030516900,2,19589
0.030528240,1,20064
0.030539580,2,20064
0.030550925,1,20529
0.030562265,2,20529
0.030573605,1,20509
0.030584945,2,20509
0.030596290,1,20758
0.030607630,2,20758
0.030618970,1,20963
0.030630315,2,20963
0.030641655,1,20910
0.030652995,2,20910
0.030664340,1,20734
0.030675675,2,20734
0.030687020,1,20734
0.030698360,2,20734
0.030709700,1,20319
0.030721045,2,20319
0.030732385,1,20062
0.030743725,2,20062
0.030755070,1,19595
0.030766410,2,19595
0.030777750,1,19142
0.030789095,2,19142
0.030800435,1,18405
0.030811775,2,18405
0.030823115,1,17912
0.030834460,2,17912
0.030845800,1,17200
0.030857140,2,17200
0.030868480,1,16414
0.030879825,2,16414
0.030891165,1,15190
0.030902505,2,15190
0.030913850,1,14802
0.030925190,2,14802
0.030936530,1,13555
0.030947870,2,13555
0.030959215,1,12476
0.030970555,2,12476
0.030981895,1,11278
0.030993235,2,11278
0.031004580,1,10061
0.031015920,2,10061
0.031027260,1,8914
0.031038605,2,8914
0.031049945,1,7667
0.031061285,2,7667
0.031072625,1,6451
0.031083970,2,6451
0.031095310,1,5275
0.031106650,2,5275
0.031117990,1,3750
0.031129335,2,3750
0.031140675,1,2748
0.031152015,2,2748
0.031163360,1,1177
0.031174700,2,1177
0.031186040,1,65387
0.031197380,2,65387
0.031208725,1,63994
0.031220065,2,63994
0.031231405,1,62584
0.031242745,2,62584
0.031254090,1,61254
0.031265430,2,61254
0.031276775,1,59912
0.031288110,2,59912
0.031299455,1,58711
0.031310795,2,58711
0.031322135,1,57378
0.031333480,2,57378
0.031344820,1,56212
0.031356160,2,56212
0.031367505,1,55147
0.031378845,2,55147
0.031390185,1,53911
0.031401530,2,53911
0.031412870,1,52464
0.031424210,2,52464
0.031435550,1,51497
0.031446890,2,51497
0.031458235,1,50552
0.031469575,2,50552
0.031480915,1,49340
0.031492260,2,49340
0.031503600,1,48453
0.031514940,2,48453
0.031526280,1,47777
0.031537625,2,47777
0.031548965,1,46898
0.031560305,2,46898
0.031571645,1,46157
0.031582990,2,46157
0.031594330,1,45468
0.031605670,2,45468
0.031617015,1,44897
0.031628355,2,44897
0.031639695,1,44471
0.031651035,2,44471
0.031662380,1,43929
0.031673720,2,43929
0.031685060,1,43721
0.031696405,2,43721
0.031707745,1,43533
0.031719085,2,43533
0.031730425,1,43172
0.031741770,2,43172
0.031753110,1,43600
0.031764450,2,43600
0.031775795,1,43225
0.031787135,2,43225
0.031798475,1,43256
0.031809815,2,43256
0.031821160,1,43626
0.031832500,2,43626
0.031843840,1,43623
0.031855180,2,43623
0.031866525,1,43974
0.031877865,2,43974
0.031889205,1,44248
0.031900550,2,44248
0.031911890,1,45174
0.031923230,2,45174
0.031934570,1,45707
0.031945910,2,45707
0.031957255,1,46376
0.031968595,2,46376
0.031979935,1,47059
0.031991280,2,47059
0.032002620,1,47915
0.032013960,2,47915
0.032025305,1,49107
0.032036645,2,49107
0.032047985,1,49305
0.032059325,2,49305
0.032070665,1,50549
0.032082010,2,50549
0.032093350,1,51375
0.032104690,2,51375
0.032116035,1,52885
0.032127375,2,52885
0.032138715,1,53970
0.032150060,2,53970
0.032161400,1,55110
0.032172740,2,55110
0.032184080,1,56087
0.032195425,2,56087
0.032206765,1,57402
0.032218105,2,57402
0.032229445,1,58576
0.032240790,2,58576
0.032252130,1,60242
0.032263470,2,60242
0.032274815,1,61130
0.032286155,2,61130
0.032297495,1,62615
0.032308835,2,62615
0.032320180,1,63871
0.032331520,2,63871
0.032342860,1,65396
0.032354205,2,65396
0.032365545,1,1277
0.032376885,2,1277
0.032388225,1,2646
0.032399570,2,2646
0.032410910,1,3967
0.032422250,2,3967
0.032433590,1,5083
0.032444935,2,5083
0.032456275,1,6715
0.032467615,2,6715
0.032478960,1,7680
0.032490300,2,7680
0.032501640,1,9024
0.032512980,2,9024
0.032524325,1,10230
0.032535665,2,10230
0.032547005,1,11502
0.032558345,2,11502
0.032569690,1,12951
0.032581030,2,12951
0.032592370,1,13629
0.032603715,2,13629
0.032615055,1,14694
0.032626395,2,14694
0.032637735,1,16007
0.032649080,2,16007
0.032660420,1,16274
0.032671760,2,16274
0.032683100,1,17383
0.032694445,2,17383
0.032705785,1,18368
0.032717125,2,18368
0.032728470,1,18795
0.032739810,2,18795
0.032751150,1,19322
0.032762490,2,19322
0.032773835,1,19717
0.032785175,2,19717
0.032796515,1,20261
0.032807860,2,20261
0.032819200,1,20717
0.032830540,2,20717
0.032841880,1,20506
0.032853225,2,20506
0.032864565,1,21155
0.032875905,2,21155
0.032887250,1,21207
0.032898590,2,21207
0.032909930,1,21210
0.032921270,2,21210
0.032932610,1,20926
0.032943955,2,20926
0.032955295,1,21059
0.032966635,2,21059
0.032977980,1,20755
0.032989320,2,20755
0.033000660,1,20518
0.033012005,2,20518
0.033023345,1,20163
0.033034685,2,20163
0.033046025,1,19625
0.033057370,2,19625
0.033068710,1,19156
0.033080050,2,19156
0.033091390,1,18250
0.033102735,2,18250
0.033114075,1,17783
0.033125415,2,17783
0.033136755,1,16398
0.033148100,2,16398
0.033159440,1,16017
0.033170780,2,16017
0.033182120,1,15380
0.033193465,2,15380
0.033204805,1,13670
0.033216150,2,13670
0.033227490,1,13039
0.033238830,2,13039
0.033250170,1,11937
0.033261515,2,11937
0.033272855,1,11171
0.033284195,2,11171
0.033295535,1,9478
0.033306880,2,9478
0.033318220,1,8252
0.033329560,2,8252
0.033340900,1,6947
0.033352245,2,6947
0.033363585,1,5873
0.033374925,2,5873
0.033386270,1,4311
0.033397610,2,4311
0.033408950,1,3461
0.033420290,2,3461
0.033431635,1,1719
0.033442975,2,1719
0.033454315,1,283
0.033465655,2,283
0.033477000,1,64879
0.033488340,2,64879
0.033499680,1,63274
0.033511025,2,63274
0.033522365,1,61791
0.033533705,2,61791
0.033545045,1,60305
0.033556390,2,60305
0.033567730,1,59093
0.033579070,2,59093
0.033590415,1,58634
0.033601755,2,58634
0.033613095,1,56447
0.033624435,2,56447
0.033635775,1,55285
0.033647120,2,55285
0.033658460,1,53834
0.033669800,2,53834
0.033681145,1,53202
0.033692485,2,53202
0.033703825,1,51432
0.033715165,2,51432
0.033726510,1,50697
0.033737850,2,50697
0.033749190,1,49685
0.033760535,2,49685
0.033771875,1,48365
0.033783215,2,48365
0.033794555,1,48000
0.033805900,2,48000
0.033817240,1,47646
0.033828580,2,47646
0.033839925,1,46147
0.033851265,2,46147
0.033862605,1,45614
0.033873945,2,45614
0.033885290,1,45260
0.033896630,2,45260
0.033907970,1,44282
0.033919310,2,44282
0.033930655,1,43831
0.033941995,2,43831
0.033953335,1,43584
0.033964680,2,43584
0.033976020,1,43184
0.033987360,2,43184
0.033998700,1,43175
0.034010045,2,43175
0.034021385,1,42888
0.034032725,2,42888
0.034044070,1,42917
0.034055410,2,42917
0.034066750,1,43028
0.034078090,2,43028
0.034089435,1,43105
0.034100775,2,43105
0.034112115,1,42864
0.034123455,2,42864
0.034134800,1,43221
0.034146140,2,43221
0.034157480,1,43256
0.034168825,2,43256
0.034180165,1,44105
0.034191505,2,44105
0.034202845,1,44705
0.034214190,2,44705
0.034225530,1,45419
0.034236870,2,45419
0.034248210,1,46008
0.034259555,2,46008
0.034270895,1,46576
0.034282235,2,46576
0.034293580,1,47347
0.034304920,2,47347
0.034316260,1,48164
0.034327600,2,48164
0.034338945,1,49505
0.034350285,2,49505
0.034361625,1,50650
0.034372965,2,50650
0.034384310,1,51608
0.034395650,2,51608
0.034406990,1,52973
0.034418335,2,52973
0.034429675,1,54318
0.034441015,2,54318
0.034452355,1,55418
0.034463700,2,55418
0.034475040,1,56631
0.034486380,2,56631
0.034497725,1,58180
0.034509065,2,58180
0.034520405,1,59625
0.034531745,2,59625
0.034543090,1,60928
0.034554430,2,60928
0.034565770,1,62217
0.034577110,2,62217
0.034588455,1,63408
0.034599795,2,63408
0.034611135,1,64799
0.034622480,2,64799
0.034633820,1,2063
0.034645160,2,2063
0.034656500,1,3586
0.034667845,2,3586
0.034679185,1,4337
0.034690525,2,4337
0.034701865,1,5129
0.034713210,2,5129
0.034724550,1,6272
0.034735890,2,6272
0.034747235,1,7837
0.034758575,2,7837
0.034769915,1,9146
0.034781255,2,9146
0.034792600,1,10328
0.034803940,2,10328
0.034815280,1,11712
0.034826625,2,11712
0.034837965,1,12703
0.034849305,2,12703
0.034860645,1,14027
0.034871990,2,14027
0.034883330,1,14953
0.034894670,2,14953
0.034906010,1,16024
0.034917355,2,16024
0.034928695,1,16968
0.034940035,2,16968
0.034951375,1,17732
0.034962720,2,17732
0.034974060,1,18255
0.034985400,2,18255
0.034996745,1,19244
0.035008085,2,19244
0.035019425,1,20044
0.035030770,2,20044
0.035042110,1,20449
0.035053450,2,20449
0.035064790,1,21231
0.035076130,2,21231
0.035087475,1,21319
0.035098815,2,21319
0.035110155,1,21690
0.035121500,2,21690
0.035132840,1,21848
0.035144180,2,21848
0.035155520,1,22200
0.035166865,2,22200
0.035178205,1,22344
0.035189545,2,22344
0.035200890,1,22158
0.035212230,2,22158
0.035223570,1,21810
0.035234910,2,21810
0.035246255,1,21855
0.035257595,2,21855
0.035268935,1,21615
0.035280280,2,21615
0.035291620,1,21015
0.035302960,2,21015
0.035314300,1,20456
0.035325645,2,20456
0.035336985,1,19766
0.035348325,2,19766
0.035359665,1,19512
0.035371010,2,19512
0.035382350,1,18613
0.035393690,2,18613
0.035405030,1,17829
0.035416375,2,17829
0.035427715,1,16909
0.035439055,2,16909
0.035450400,1,16248
0.035461740,2,16248
0.035473080,1,14912
0.035484420,2,14912
0.035495765,1,14006
0.035507105,2,14006
0.035518445,1,12973
0.035529790,2,12973
0.035541130,1,11709
0.035552470,2,11709
0.035563810,1,10305
0.035575155,2,10305
0.035586495,1,9209
0.035597835,2,9209
0.035609175,1,7791
0.035620520,2,7791
0.035631860,1,6572
0.035643205,2,6572
0.035654545,1,5245
0.035665885,2,5245
0.035677225,1,3835
0.035688570,2,3835
0.035699910,1,2460
0.035711250,2,2460
0.035722590,1,866
0.035733930,2,866
0.035745275,1,65006
0.035756615,2,65006
0.035767960,1,63723
0.035779300,2,63723
0.035790640,1,62172
0.035801980,2,62172
0.035813320,1,61004
0.035824665,2,61004
0.035836005,1,59459
0.035847345,2,59459
0.035858690,1,58057
0.035870030,2,58057
0.035881370,1,56815
0.035892715,2,56815
0.035904055,1,55351
0.035915395,2,55351
0.035926735,1,53684
0.035938080,2,53684
0.035949420,1,52338
0.035960760,2,52338
0.035972100,1,51083
0.035983445,2,51083
0.035994785,1,50178
0.036006125,2,50178
0.036017470,1,49135
0.036028810,2,49135
0.036040150,1,48032
0.036051490,2,48032
0.036062830,1,47070
0.036074175,2,47070
0.036085515,1,45919
0.036096855,2,45919
0.036108200,1,45293
0.036119540,2,45293
0.036130880,1,44398
0.036142220,2,44398
0.036153565,1,43845
0.036164905,2,43845
0.036176245,1,43275
0.036187590,2,43275
0.036198930,1,42623
0.036210270,2,42623
0.036221610,1,42283
0.036232955,2,42283
0.036244295,1,42141
0.036255635,2,42141
0.036266980,1,41778
0.036278320,2,41778
0.036289660,1,41510
0.036301000,2,41510
0.036312345,1,41379
0.036323685,2,41379
0.036335025,1,41226
0.036346365,2,41226
0.036357710,1,41510
0.036369050,2,41510
0.036380390,1,41996
0.036391735,2,41996
0.036403075,1,42204
0.036414415,2,42204
0.036425755,1,42596
0.036437100,2,42596
0.036448440,1,43288
0.036459780,2,43288
0.036471120,1,43414
0.036482465,2,43414
0.036493805,1,44551
0.036505145,2,44551
0.036516490,1,45198
0.036527830,2,45198
0.036539170,1,46139
0.036550510,2,46139
0.036561855,1,46712
0.036573195,2,46712
0.036584535,1,47963
0.036595880,2,47963
0.036607220,1,48687
0.036618560,2,48687
0.036629900,1,50120
0.036641245,2,50120
0.036652585,1,51015
0.036663925,2,51015
0.036675265,1,52265
0.036686610,2,52265
0.036697950,1,53734
0.036709290,2,53734
0.036720635,1,54853
0.036731975,2,54853
0.036743315,1,56256
0.036754655,2,56256
0.036766000,1,57398
0.036777340,2,57398
0.036788680,1,59217
0.036800020,2,59217
0.036811365,1,60511
0.036822705,2,60511
0.036834045,1,61913
0.036845385,2,61913
0.036856730,1,63483
0.036868070,2,63483
0.036879410,1,64790
0.036890755,2,64790
0.036902095,1,947
0.036913435,2,947
0.036924775,1,2295
0.036936120,2,2295
0.036947460,1,3884
0.036958800,2,3884
0.036970140,1,5266
0.036981485,2,5266
0.036992825,1,7015
0.037004165,2,7015
0.037015510,1,8135
0.037026850,2,8135
0.037038190,1,9529
0.037049535,2,9529
0.037060875,1,10865
0.037072215,2,10865
0.037083555,1,12124
0.037094900,2,12124
0.037106240,1,13161
0.037117580,2,13161
0.037128920,1,14519
0.037140265,2,14519
0.037151605,1,15728
0.037162945,2,15728
0.037174290,1,16490
0.037185630,2,16490
0.037196970,1,17581
0.037208310,2,17581
0.037219655,1,18496
0.037230995,2,18496
0.037242335,1,19283
0.037253680,2,19283
0.037265020,1,20202
0.037276360,2,20202
0.037287700,1,20599
0.037299040,2,20599
0.037310385,1,21295
0.037321725,2,21295
0.037333065,1,21763
0.037344410,2,21763
0.037355750,1,22302
0.037367090,2,22302
0.037378435,1,22645
0.037389775,2,22645
0.037401115,1,23075
0.037412455,2,23075
0.037423800,1,23193
0.037435140,2,23193
0.037446480,1,23375
0.037457820,2,23375
0.037469165,1,23060
0.037480505,2,23060
0.037491845,1,23311
0.037503190,2,23311
0.037514530,1,23128
0.037525870,2,23128
0.037537210,1,22594
0.037548555,2,22594
0.037559895,1,22182
0.037571235,2,22182
0.037582580,1,21816
0.037593920,2,21816
0.037605260,1,21172
0.037616600,2,21172
0.037627945,1,20483
0.037639285,2,20483
0.037650625,1,19737
0.037661965,2,19737
0.037673310,1,18886
0.037684650,2,18886
0.037695990,1,18137
0.037707330,2,18137
0.037718675,1,17073
0.037730015,2,17073
0.037741355,1,16233
0.037752700,2,16233
0.037764040,1,15447
0.037775380,2,15447
0.037786720,1,14203
0.037798065,2,14203
0.037809405,1,12907
0.037820745,2,12907
0.037832090,1,11613
0.037843430,2,11613
0.037854770,1,10015
0.037866110,2,10015
0.037877455,1,8980
0.037888795,2,8980
0.037900135,1,7488
0.037911475,2,7488
0.037922820,1,5912
0.037934160,2,5912
0.037945500,1,4775
0.037956845,2,4775
0.037968185,1,3094
0.037979525,2,3094
0.037990865,1,1472
0.038002210,2,1472
0.038013550,1,44
0.038024890,2,44
0.038036230,1,64041
0.038047575,2,64041
0.038058915,1,62709
0.038070255,2,62709
0.038081600,1,60831
0.038092940,2,60831
0.038104280,1,59466
0.038115620,2,59466
0.038126965,1,58263
0.038138305,2,58263
0.038149645,1,56546
0.038160985,2,56546
0.038172330,1,55184
0.038183670,2,55184
0.038195010,1,54035
0.038206355,2,54035
0.038217695,1,52682
0.038229035,2,52682
0.038240375,1,51159
0.038251720,2,51159
0.038263060,1,49909
0.038274400,2,49909
0.038285745,1,48809
0.038297085,2,48809
0.038308425,1,47487
0.038319765,2,47487
0.038331110,1,46413
0.038342450,2,46413
0.038353790,1,45778
0.038365130,2,45778
0.038376475,1,44840
0.038387815,2,44840
0.038399155,1,44226
0.038410500,2,44226
0.038421840,1,43216
0.038433180,2,43216
0.038444520,1,42745
0.038455865,2,42745
0.038467205,1,42170
0.038478545,2,42170
0.038489885,1,41813
0.038501230,2,41813
0.038512570,1,41288
0.038523910,2,41288
0.038535255,1,41586
0.038546595,2,41586
0.038557935,1,41752
0.038569275,2,41752
0.038580620,1,40733
0.038591960,2,40733
0.038603300,1,40969
0.038614645,2,40969
0.038625985,1,41303
0.038637325,2,41303
0.038648665,1,41583
0.038660010,2,41583
0.038671350,1,41547
0.038682690,2,41547
0.038694030,1,42191
0.038705375,2,42191
0.038716715,1,42278
0.038728055,2,42278
0.038739395,1,43329
0.038750740,2,43329
0.038762080,1,43865
0.038773420,2,43865
0.038784765,1,44381
0.038796105,2,44381
0.038807445,1,45714
0.038818785,2,45714
0.038830130,1,46515
0.038841470,2,46515
0.038852810,1,47401
0.038864155,2,47401
0.038875495,1,48554
0.038886835,2,48554
0.038898175,1,49552
0.038909520,2,49552
0.038920860,1,50945
0.038932200,2,50945
0.038943540,1,51887
0.038954885,2,51887
0.038966225,1,53319
0.038977565,2,53319
0.038988910,1,54487
0.039000250,2,54487
0.039011590,1,56084
0.039022935,2,56084
0.039034275,1,57317
0.039045615,2,57317
0.039056955,1,58805
0.039068295,2,58805
0.039079640,1,60214
0.039090980,2,60214
0.039102320,1,61423
0.039113660,2,61423
0.039125005,1,63167
0.039136345,2,63167
0.039147690,1,64918
0.039159030,2,64918
0.039170370,1,708
0.039181710,2,708
0.039193050,1,2310
0.039204395,2,2310
0.039215735,1,3794
0.039227075,2,3794
0.039238420,1,5065
0.039249760,2,5065
0.039261100,1,6741
0.039272445,2,6741
0.039283785,1,7982
0.039295125,2,7982
0.039306465,1,9282
0.039317810,2,9282
0.039329150,1,10833
0.039340490,2,10833
0.039351830,1,11992
0.039363175,2,11992
0.039374515,1,13437
0.039385855,2,13437
0.039397200,1,14812
0.039408540,2,14812
0.039419880,1,16037
0.039431220,2,16037
0.039442565,1,16873
0.039453905,2,16873
0.039465245,1,18050
0.039476585,2,18050
0.039487930,1,18838
0.039499270,2,18838
0.039510610,1,19975
0.039521955,2,19975
0.039533295,1,20818
0.039544635,2,20818
0.039555975,1,22011
0.039567320,2,22011
0.039578660,1,22630
0.039590000,2,22630
0.039601340,1,23195
0.039612685,2,23195
0.039624025,1,23730
0.039635365,2,23730
0.039646710,1,24181
0.039658050,2,24181
0.039669390,1,24263
0.039680730,2,24263
0.039692075,1,24766
0.039703415,2,24766
0.039714755,1,24416
0.039726095,2,24416
0.039737440,1,24457
0.039748780,2,24457
0.039760120,1,24337
0.039771465,2,24337
0.039782805,1,24514
0.039794145,2,24514
0.039805485,1,24156
0.039816830,2,24156
0.039828170,1,23769
0.039839510,2,23769
0.039850855,1,23166
0.039862195,2,23166
0.039873535,1,22561
0.039884875,2,22561
0.039896220,1,21935
0.039907560,2,21935
0.039918900,1,20971
0.039930240,2,20971
0.039941585,1,20040
0.039952925,2,20040
0.039964265,1,19361
0.039975605,2,19361
0.039986950,1,18099
0.039998290,2,18099
0.040009635,1,17031
0.040020975,2,17031
0.040032315,1,15829
0.040043655,2,15829
0.040055000,1,14719
0.040066340,2,14719
0.040077680,1,13364
0.040089020,2,13364
0.040100365,1,12078
0.040111705,2,12078
0.040123045,1,10599
0.040134385,2,10599
0.040145730,1,9199
0.040157070,2,9199
0.040168410,1,7766
0.040179755,2,7766
0.040191095,1,6343
0.040202435,2,6343
0.040213775,1,4816
0.040225120,2,4816
0.040236460,1,3238
0.040247800,2,3238
0.040259140,1,1865
0.040270485,2,1865
0.040281825,1,65473
0.040293165,2,65473
0.040304510,1,63839
0.040315850,2,63839
0.040327190,1,62257
0.040338530,2,62257
0.040349870,1,61050
0.040361215,2,61050
0.040372555,1,59552
0.040383900,2,59552
0.040395240,1,57827
0.040406580,2,57827
0.040417920,1,56088
0.040429265,2,56088
0.040440605,1,54500
0.040451945,2,54500
0.040463285,1,52797
0.040474630,2,52797
0.040485970,1,51921
0.040497310,2,51921
0.040508650,1,50662
0.040519995,2,50662
0.040531335,1,49384
0.040542675,2,49384
0.040554020,1,47852
0.040565360,2,47852
0.040576700,1,46847
0.040588040,2,46847
0.040599385,1,45514
0.040610725,2,45514
0.040622065,1,45988
0.040633410,2,45988
0.040644750,1,44652
0.040656090,2,44652
0.040667430,1,43628
0.040678775,2,43628
0.040690115,1,42863
0.040701455,2,42863
0.040712795,1,42246
0.040724140,2,42246
0.040735480,1,41648
0.040746820,2,41648
0.040758165,1,41495
0.040769505,2,41495
0.040780845,1,40742
0.040792185,2,40742
0.040803530,1,40357
0.040814870,2,40357
0.040826210,1,40438
0.040837550,2,40438
0.040848895,1,40065
0.040860235,2,40065
0.040871575,1,40443
0.040882915,2,40443
0.040894260,1,40581
0.040905600,2,40581
0.040916940,1,40489
0.040928285,2,40489
0.040939625,1,40658
0.040950965,2,40658
0.040962310,1,41071
0.040973650,2,41071
0.040984990,1,41850
0.040996330,2,41850
0.041007675,1,42186
0.041019015,2,42186
0.041030355,1,43087
0.041041695,2,43087
0.041053040,1,43751
0.041064380,2,43751
0.041075720,1,44522
0.041087060,2,44522
0.041098405,1,45515
0.041109745,2,45515
0.041121085,1,46426
0.041132430,2,46426
0.041143770,1,47632
0.041155110,2,47632
0.041166455,1,48721
0.041177795,2,48721
0.041189135,1,50327
0.041200475,2,50327
0.041211820,1,50888
0.041223160,2,50888
0.041234500,1,52743
0.041245840,2,52743
0.041257185,1,54045
0.041268525,2,54045
0.041279865,1,55483
0.041291210,2,55483
0.041302550,1,56569
0.041313890,2,56569
0.041325230,1,57915
0.041336575,2,57915
0.041347915,1,59782
0.041359255,2,59782
0.041370595,1,61034
0.041381940,2,61034
0.041393280,1,62949
0.041404620,2,62949
0.041415960,1,64425
0.041427305,2,64425
0.041438645,1,1556
0.041449985,2,1556
0.041461325,1,3177
0.041472670,2,3177
0.041484010,1,4873
0.041495350,2,4873
0.041506695,1,6222
0.041518035,2,6222
0.041529375,1,7509
0.041540720,2,7509
0.041552060,1,9632
0.041563400,2,9632
0.041574740,1,11136
0.041586085,2,11136
0.041597425,1,11989
0.041608765,2,11989
0.041620110,1,13644
0.041631450,2,13644
0.041642790,1,15033
0.041654130,2,15033
0.041665475,1,16385
0.041676815,2,16385
0.041688155,1,17554
0.041699495,2,17554
0.041710840,1,18793
0.041722180,2,18793
0.041733520,1,19665
0.041744865,2,19665
0.041756205,1,21067
0.041767545,2,21067
0.041778885,1,21389
0.041790230,2,21389
0.041801570,1,22645
0.041812910,2,22645
0.041824250,1,22620
0.041835595,2,22620
0.041846935,1,24217
0.041858275,2,24217
0.041869620,1,24491
0.041880960,2,24491
0.041892300,1,32767
0.041903640,2,32767
0.041914985,1,32767
0.041926325,2,32767
0.041937665,1,32767
0.041949010,2,32767
0.041960350,1,32767
0.041971690,2,32767
0.041983030,1,32767
0.041994375,2,32767
0.042005715,1,32767
0.042017055,2,32767
0.042028395,1,32767
0.042039740,2,32767
0.042051080,1,27508
0.042062420,2,27508
0.042073760,1,24976
0.042085105,2,24976
0.042096445,1,25615
0.042107785,2,25615
0.042119130,1,24319
0.042130470,2,24319
0.042141810,1,24241
0.042153155,2,24241
0.042164495,1,22833
0.042175835,2,22833
0.042187175,1,23198
0.042198520,2,23198
0.042209860,1,19851
0.042221200,2,19851
0.042232540,1,31963
0.042243885,2,31963
0.042255225,1,32767
0.042266565,2,32767
0.042277905,1,32767
0.042289250,2,32767
0.042300590,1,32767
0.042311930,2,32767
0.042323275,1,32337
0.042334615,2,32337
0.042345955,1,30144
0.042357295,2,30144
0.042368640,1,29541
0.042379980,2,29541
0.042391320,1,16336
0.042402665,2,16336
0.042414005,1,9739
0.042425345,2,9739
0.042436685,1,9728
0.042448030,2,9728
0.042459370,1,7226
0.042470710,2,7226
0.042482050,1,6253
0.042493395,2,6253
0.042504735,1,4087
0.042516075,2,4087
0.042527415,1,1673
0.042538760,2,1673
0.042550100,1,65352
0.042561440,2,65352
0.042572785,1,64100
0.042584125,2,64100
0.042595465,1,62712
0.042606805,2,62712
0.042618150,1,61548
0.042629490,2,61548
0.042640830,1,60307
0.042652175,2,60307
0.042663515,1,58740
0.042674855,2,58740
0.042686195,1,57967
0.042697540,2,57967
0.042708880,1,56805
0.042720220,2,56805
0.042731560,1,55194
0.042742905,2,55194
0.042754245,1,54099
0.042765585,2,54099
0.042776930,1,52914
0.042788270,2,52914
0.042799610,1,51681
0.042810950,2,51681
0.042822295,1,50705
0.042833635,2,50705
0.042844975,1,49786
0.042856315,2,49786
0.042867660,1,49128
0.042879000,2,49128
0.042890340,1,47947
0.042901685,2,47947
0.042913025,1,47509
0.042924365,2,47509
0.042935705,1,46550
0.042947050,2,46550
0.042958390,1,45733
0.042969730,2,45733
0.042981070,1,45218
0.042992415,2,45218
0.043003755,1,44948
0.043015095,2,44948
0.043026440,1,44609
0.043037780,2,44609
0.043049120,1,44043
0.043060465,2,44043
0.043071805,1,43971
0.043083145,2,43971
0.043094485,1,43321
0.043105825,2,43321
0.043117170,1,43585
0.043128510,2,43585
0.043139850,1,43390
0.043151195,2,43390
0.043162535,1,43792
0.043173875,2,43792
0.043185220,1,43594
0.043196560,2,43594
0.043207900,1,43985
0.043219240,2,43985
0.043230585,1,44323
0.043241925,2,44323
0.043253265,1,44775
0.043264610,2,44775
0.043275950,1,45074
0.043287290,2,45074
0.043298630,1,45612
0.043309975,2,45612
0.043321315,1,46138
0.043332655,2,46138
0.043343995,1,46718
0.043355340,2,46718
0.043366680,1,47901
0.043378020,2,47901
0.043389365,1,48670
0.043400705,2,48670
0.043412045,1,49376
0.043423385,2,49376
0.043434725,1,50530
0.043446070,2,50530
0.043457410,1,51396
0.043468750,2,51396
0.043480095,1,52603
0.043491435,2,52603
0.043502775,1,53742
0.043514115,2,53742
0.043525460,1,54990
0.043536800,2,54990
0.043548140,1,55961
0.043559485,2,55961
0.043570825,1,57513
0.043582165,2,57513
0.043593505,1,59351
0.043604850,2,59351
0.043616190,1,59728
0.043627530,2,59728
0.043638875,1,61090
0.043650215,2,61090
0.043661555,1,62533
0.043672900,2,62533
0.043684240,1,63894
0.043695580,2,63894
0.043706920,1,65133
0.043718260,2,65133
0.043729605,1,1045
0.043740945,2,1045
0.043752285,1,2472
0.043763630,2,2472
0.043774970,1,3564
0.043786310,2,3564
0.043797650,1,4945
0.043808995,2,4945
0.043820335,1,6371
0.043831675,2,6371
0.043843015,1,7401
0.043854360,2,7401
0.043865700,1,8573
0.043877040,2,8573
0.043888385,1,10058
0.043899725,2,10058
0.043911065,1,11035
0.043922405,2,11035
0.043933750,1,12376
0.043945090,2,12376
0.043956430,1,13025
0.043967775,2,13025
0.043979115,1,13835
0.043990455,2,13835
0.044001795,1,15157
0.044013140,2,15157
0.044024480,1,15921
0.044035820,2,15921
0.044047160,1,16856
0.044058505,2,16856
0.044069845,1,17385
0.044081185,2,17385
0.044092525,1,18094
0.044103870,2,18094
0.044115210,1,18822
0.044126550,2,18822
0.044137895,1,19049
0.044149235,2,19049
0.044160575,1,19743
0.044171920,2,19743
0.044183260,1,20074
0.044194600,2,20074
0.044205940,1,20203
0.044217280,2,20203
0.044228625,1,20587
0.044239965,2,20587
0.044251305,1,20720
0.044262650,2,20720
0.044273990,1,21121
0.044285330,2,21121
0.044296670,1,20601
0.044308015,2,20601
0.044319355,1,20348
0.044330695,2,20348
0.044342040,1,20005
0.044353380,2,20005
0.044364720,1,20125
0.044376060,2,20125
0.044387405,1,19648
0.044398745,2,19648
0.044410085,1,19442
0.044421425,2,19442
0.044432770,1,18844
0.044444110,2,18844
0.044455450,1,18041
0.044466795,2,18041
0.044478135,1,17402
0.044489475,2,17402
0.044500815,1,16897
0.044512160,2,16897
0.044523500,1,16000
0.044534840,2,16000
0.044546185,1,15155
0.044557525,2,15155
0.044568865,1,13972
0.044580205,2,13972
0.044591550,1,13043
0.044602890,2,13043
0.044614230,1,12223
0.044625570,2,12223
0.044636915,1,11202
0.044648255,2,11202
0.044659595,1,10034
0.044670940,2,10034
0.044682280,1,9093
0.044693620,2,9093
0.044704960,1,7585
0.044716305,2,7585
0.044727645,1,6122
0.044738985,2,6122
0.044750325,1,4879
0.044761670,2,4879
0.044773010,1,3663
0.044784350,2,3663
0.044795695,1,2107
0.044807035,2,2107
0.044818375,1,733
0.044829715,2,733
0.044841060,1,64705
0.044852400,2,64705
0.044863740,1,63837
0.044875085,2,63837
0.044886425,1,62332
0.044897765,2,62332
0.044909105,1,60903
0.044920445,2,60903
0.044931790,1,59619
0.044943130,2,59619
0.044954470,1,58148
0.044965815,2,58148
0.044977155,1,57002
0.044988495,2,57002
0.044999840,1,55642
0.045011180,2,55642
0.045022520,1,54100
0.045033860,2,54100
0.045045205,1,53434
0.045056545,2,53434
0.045067885,1,52211
0.045079225,2,52211
0.045090570,1,51051
0.045101910,2,51051
0.045113250,1,50025
0.045124590,2,50025
0.045135935,1,49159
0.045147275,2,49159
0.045158620,1,47785
0.045169960,2,47785
0.045181300,1,47547
0.045192640,2,47547
0.045203980,1,46545
0.045215325,2,46545
0.045226665,1,45652
0.045238005,2,45652
0.045249350,1,45077
0.045260690,2,45077
0.045272030,1,44711
0.045283370,2,44711
0.045294715,1,44033
0.045306055,2,44033
0.045317395,1,43725
0.045328735,2,43725
0.045340080,1,43336
0.045351420,2,43336
0.045362760,1,43127
0.045374105,2,43127
0.045385445,1,43402
0.045396785,2,43402
0.045408130,1,43045
0.045419470,2,43045
0.045430810,1,43073
0.045442150,2,43073
0.045453490,1,43308
0.045464835,2,43308
0.045476175,1,43578
0.045487515,2,43578
0.045498860,1,43889
0.045510200,2,43889
0.045521540,1,44116
0.045532885,2,44116
0.045544225,1,44730
0.045555565,2,44730
0.045566905,1,45172
0.045578250,2,45172
0.045589590,1,45660
0.045600930,2,45660
0.045612270,1,46407
0.045623615,2,46407
0.045634955,1,47306
0.045646295,2,47306
0.045657640,1,48356
0.045668980,2,48356
0.045680320,1,49230
0.045691660,2,49230
0.045703000,1,49945
0.045714345,2,49945
0.045725685,1,50863
0.045737025,2,50863
0.045748370,1,52246
0.045759710,2,52246
0.045771050,1,53482
0.045782395,2,53482
0.045793735,1,54506
0.045805075,2,54506
0.045816420,1,55610
0.045827760,2,55610
0.045839100,1,56953
0.045850440,2,56953
0.045861780,1,58447
0.045873125,2,58447
0.045884465,1,59826
0.045895805,2,59826
0.045907145,1,61049
0.045918490,2,61049
0.045929830,1,62384
0.045941170,2,62384
0.045952515,1,63734
0.045963855,2,63734
0.045975195,1,64982
0.045986535,2,64982
0.045997880,1,1127
0.046009220,2,1127
0.046020565,1,2403
0.046031905,2,2403
0.046043245,1,3808
0.046054585,2,3808
0.046065925,1,5092
0.046077270,2,5092
0.046088610,1,6407
0.046099950,2,6407
0.046111290,1,7629
0.046122635,2,7629
0.046133975,1,9143
0.046145320,2,9143
0.046156660,1,10541
0.046168000,2,10541
0.046179340,1,11519
0.046190685,2,11519
0.046202025,1,12690
0.046213365,2,12690
0.046224705,1,13569
0.046236050,2,13569
0.046247390,1,14728
0.046258730,2,14728
0.046270075,1,15549
0.046281415,2,15549
0.046292755,1,16737
0.046304095,2,16737
0.046315435,1,17296
0.046326780,2,17296
0.046338120,1,18354
0.046349460,2,18354
0.046360805,1,19063
0.046372145,2,19063
0.046383485,1,19723
0.046394825,2,19723
0.046406170,1,20231
0.046417510,2,20231
0.046428850,1,20767
0.046440190,2,20767
0.046451535,1,21862
0.046462875,2,21862
0.046474215,1,22045
0.046485560,2,22045
0.046496900,1,22392
0.046508240,2,22392
0.046519585,1,22451
0.046530925,2,22451
0.046542265,1,22517
0.046553605,2,22517
0.046564950,1,22468
0.046576290,2,22468
0.046587630,1,22300
0.046598970,2,22300
0.046610315,1,22157
0.046621655,2,22157
0.046632995,1,22110
0.046644340,2,22110
0.046655680,1,21346
0.046667020,2,21346
0.046678360,1,20941
0.046689705,2,20941
0.046701045,1,20332
0.046712385,2,20332
0.046723725,1,19806
0.046735070,2,19806
0.046746410,1,18922
0.046757750,2,18922
0.046769095,1,18348
0.046780435,2,18348
0.046791775,1,17461
0.046803115,2,17461
0.046814460,1,16470
0.046825800,2,16470
0.046837140,1,15307
0.046848480,2,15307
0.046859825,1,14299
0.046871165,2,14299
0.046882505,1,13260
0.046893850,2,13260
0.046905190,1,12174
0.046916530,2,12174
0.046927870,1,10862
0.046939215,2,10862
0.046950555,1,9517
0.046961895,2,9517
0.046973235,1,8295
0.046984580,2,8295
0.046995920,1,6721
0.047007260,2,6721
0.047018605,1,5596
0.047029945,2,5596
0.047041285,1,4210
0.047052625,2,4210
0.047063970,1,2793
0.047075310,2,2793
0.047086650,1,1208
0.047097990,2,1208
0.047109335,1,65392
0.047120675,2,65392
0.047132015,1,64040
0.047143360,2,64040
0.047154700,1,62514
0.047166040,2,62514
0.047177385,1,61143
0.047188725,2,61143
0.047200065,1,59765
0.047211405,2,59765
0.047222750,1,58234
0.047234090,2,58234
0.047245430,1,57313
0.047256770,2,57313
0.047268115,1,55656
0.047279455,2,55656
0.047290795,1,54407
0.047302140,2,54407
0.047313480,1,52861
0.047324820,2,52861
0.047336160,1,51978
0.047347505,2,51978
0.047358845,1,50627
0.047370185,2,50627
0.047381525,1,50039
0.047392870,2,50039
0.047404210,1,48575
0.047415550,2,48575
0.047426890,1,48505
0.047438235,2,48505
0.047449575,1,46887
0.047460915,2,46887
0.047472255,1,46145
0.047483600,2,46145
0.047494940,1,45257
0.047506280,2,45257
0.047517625,1,44750
0.047528965,2,44750
0.047540305,1,44011
0.047551645,2,44011
0.047562990,1,43929
0.047574330,2,43929
0.047585670,1,43088
0.047597015,2,43088
0.047608355,1,42895
0.047619695,2,42895
0.047631035,1,42903
0.047642380,2,42903
0.047653720,1,42503
0.047665060,2,42503
0.047676405,1,42703
0.047687745,2,42703
0.047699085,1,42408
0.047710425,2,42408
0.047721770,1,42658
0.047733110,2,42658
0.047744450,1,42846
0.047755795,2,42846
0.047767135,1,43323
0.047778475,2,43323
0.047789815,1,43525
0.047801160,2,43525
0.047812500,1,43927
0.047823840,2,43927
0.047835180,1,44378
0.047846525,2,44378
0.047857865,1,45260
0.047869205,2,45260
0.047880545,1,45835
0.047891890,2,45835
0.047903230,1,46624
0.047914570,2,46624
0.047925915,1,47603
0.047937255,2,47603
0.047948595,1,48657
0.047959935,2,48657
0.047971280,1,49278
0.047982620,2,49278
0.047993960,1,50606
0.048005305,2,50606
0.048016645,1,51709
0.048027985,2,51709
0.048039325,1,52812
0.048050670,2,52812
0.048062010,1,53817
0.048073350,2,53817
0.048084695,1,55480
0.048096035,2,55480
0.048107375,1,56388
0.048118715,2,56388
0.048130060,1,58224
0.048141400,2,58224
0.048152740,1,59179
0.048164080,2,59179
0.048175425,1,60767
0.048186765,2,60767
0.048198105,1,62347
0.048209445,2,62347
0.048220790,1,63506
0.048232130,2,63506
0.048243470,1,518
0.048254815,2,518
0.048266155,1,2206
0.048277495,2,2206
0.048288835,1,2640
0.048300180,2,2640
0.048311520,1,3613
0.048322860,2,3613
0.048334200,1,5370
0.048345545,2,5370
0.048356885,1,6448
0.048368225,2,6448
0.048379570,1,8315
0.048390910,2,8315
0.048402250,1,9833
0.048413590,2,9833
0.048424935,1,10913
0.048436275,2,10913
0.048447615,1,12228
0.048458960,2,12228
0.048470300,1,13236
0.048481640,2,13236
0.048492980,1,14854
0.048504325,2,14854
0.048515665,1,15741
0.048527005,2,15741
0.048538345,1,17441
0.048549690,2,17441
0.048561030,1,18428
0.048572370,2,18428
0.048583715,1,18392
0.048595055,2,18392
0.048606395,1,19855
0.048617735,2,19855
0.048629080,1,20195
0.048640420,2,20195
0.048651760,1,21243
0.048663105,2,21243
0.048674445,1,21699
0.048685785,2,21699
0.048697125,1,22385
0.048708470,2,22385
0.048719810,1,22210
0.048731150,2,22210
0.048742490,1,23241
0.048753835,2,23241
0.048765175,1,23167
0.048776515,2,23167
0.048787860,1,23592
0.048799200,2,23592
0.048810540,1,23275
0.048821880,2,23275
0.048833225,1,23320
0.048844565,2,23320
0.048855905,1,23183
0.048867250,2,23183
0.048878590,1,23183
0.048889930,2,23183
0.048901270,1,22643
0.048912615,2,22643
0.048923955,1,22479
0.048935295,2,22479
0.048946635,1,21802
0.048957980,2,21802
0.048969320,1,21306
0.048980660,2,21306
0.048992000,1,20665
0.049003345,2,20665
0.049014685,1,19837
0.049026025,2,19837
0.049037370,1,19205
0.049048710,2,19205
0.049060050,1,18294
0.049071390,2,18294
0.049082735,1,17161
0.049094075,2,17161
0.049105415,1,16140
0.049116760,2,16140
0.049128100,1,15299
0.049139440,2,15299
0.049150780,1,13918
0.049162125,2,13918
0.049173465,1,12723
0.049184805,2,12723
0.049196150,1,11061
0.049207490,2,11061
0.049218830,1,10082
0.049230170,2,10082
0.049241515,1,8477
0.049252855,2,8477
0.049264195,1,7500
0.049275535,2,7500
0.049286880,1,5641
0.049298220,2,5641
0.049309560,1,4025
0.049320905,2,4025
0.049332245,1,2398
0.049343585,2,2398
0.049354925,1,859
0.049366270,2,859
0.049377610,1,65358
0.049388950,2,65358
0.049400290,1,63619
0.049411635,2,63619
0.049422975,1,62450
0.049434315,2,62450
0.049445655,1,60651
0.049457000,2,60651
0.049468340,1,59606
0.049479680,2,59606
0.049491025,1,57972
0.049502365,2,57972
0.049513705,1,56587
0.049525050,2,56587
0.049536390,1,55095
0.049547730,2,55095
0.049559070,1,54044
0.049570410,2,54044
0.049581755,1,52688
0.049593095,2,52688
0.049604435,1,51630
0.049615780,2,51630
0.049627120,1,50187
0.049638460,2,50187
0.049649800,1,49510
0.049661145,2,49510
0.049672485,1,48302
0.049683825,2,48302
0.049695165,1,47260
0.049706510,2,47260
0.049717850,1,45802
0.049729190,2,45802
0.049740535,1,45143
0.049751875,2,45143
0.049763215,1,44066
0.049774560,2,44066
0.049785900,1,43619
0.049797240,2,43619
0.049808580,1,42907
0.049819920,2,42907
0.049831265,1,42690
0.049842605,2,42690
0.049853945,1,42051
0.049865290,2,42051
0.049876630,1,41643
0.049887970,2,41643
0.049899315,1,41429
0.049910655,2,41429
0.049921995,1,41497
0.049933335,2,41497
0.049944680,1,41587
0.049956020,2,41587
0.049967360,1,41666
0.049978700,2,41666
0.049990045,1,41816
0.050001385,2,41816
0.050012725,1,42012
0.050024065,2,42012
0.050035410,1,42266
0.050046750,2,42266
0.050058090,1,42587
0.050069435,2,42587
0.050080775,1,42487
0.050092115,2,42487
0.050103455,1,43235
0.050114800,2,43235
0.050126140,1,43823
0.050137480,2,43823
0.050148825,1,44490
0.050160165,2,44490
0.050171505,1,45296
0.050182845,2,45296
0.050194190,1,46196
0.050205530,2,46196
0.050216870,1,46999
0.050228215,2,46999
0.050239555,1,48185
0.050250895,2,48185
0.050262235,1,49436
0.050273580,2,49436
0.050284920,1,50265
0.050296260,2,50265
0.050307600,1,51723
0.050318945,2,51723
0.050330285,1,52827
0.050341625,2,52827
0.050352965,1,54375
0.050364310,2,54375
0.050375650,1,55913
0.050386990,2,55913
0.050398335,1,57367
0.050409675,2,57367
0.050421015,1,58703
0.050432355,2,58703
0.050443700,1,60075
0.050455040,2,60075
0.050466380,1,61449
0.050477720,2,61449
0.050489065,1,63006
0.050500405,2,63006
0.050511750,1,64873
0.050523090,2,64873
0.050534430,1,515
0.050545770,2,515
0.050557115,1,2260
0.050568455,2,2260
0.050579795,1,3563
0.050591135,2,3563
0.050602480,1,5101
0.050613820,2,5101
0.050625160,1,6362
0.050636505,2,6362
0.050647845,1,8057
0.050659185,2,8057
0.050670525,1,9362
0.050681870,2,9362
0.050693210,1,10973
0.050704550,2,10973
0.050715890,1,12153
0.050727235,2,12153
0.050738575,1,13217
0.050749915,2,13217
0.050761255,1,14754
0.050772600,2,14754
0.050783940,1,15634
0.050795280,2,15634
0.050806625,1,16407
0.050817965,2,16407
0.050829305,1,18155
0.050840645,2,18155
0.050851990,1,18595
0.050863330,2,18595
0.050874670,1,19575
0.050886015,2,19575
0.050897355,1,20681
0.050908695,2,20681
0.050920035,1,21113
0.050931375,2,21113
0.050942720,1,21690
0.050954060,2,21690
0.050965400,1,22013
0.050976745,2,22013
0.050988085,1,22622
0.050999425,2,22622
0.051010770,1,22994
0.051022110,2,22994
0.051033450,1,23297
0.051044790,2,23297
0.051056130,1,23476
0.051067475,2,23476
0.051078815,1,23581
0.051090155,2,23581
0.051101500,1,23705
0.051112840,2,23705
0.051124180,1,23545
0.051135525,2,23545
0.051146865,1,23274
0.051158205,2,23274
0.051169545,1,22990
0.051180890,2,22990
0.051192230,1,22770
0.051203570,2,22770
0.051214910,1,22174
0.051226255,2,22174
0.051237595,1,21345
0.051248935,2,21345
0.051260280,1,20894
0.051271620,2,20894
0.051282960,1,20264
0.051294300,2,20264
0.051305645,1,19238
0.051316985,2,19238
0.051328325,1,18367
0.051339665,2,18367
0.051351010,1,17451
0.051362350,2,17451
0.051373690,1,16467
0.051385035,2,16467
0.051396375,1,15041
0.051407715,2,15041
0.051419060,1,14499
0.051430400,2,14499
0.051441740,1,13152
0.051453080,2,13152
0.051464425,1,12078
0.051475765,2,12078
0.051487105,1,10205
0.051498445,2,10205
0.051509790,1,9299
0.051521130,2,9299
0.051532470,1,7846
0.051543810,2,7846
0.051555155,1,6427
0.051566495,2,6427
0.051577835,1,4761
0.051589175,2,4761
0.051600520,1,3303
0.051611860,2,3303
0.051623200,1,2071
0.051634545,2,2071
0.051645885,1,527
0.051657225,2,527
0.051668570,1,64392
0.051679910,2,64392
0.051691250,1,63108
0.051702590,2,63108
0.051713935,1,61544
0.051725275,2,61544
0.051736615,1,60016
0.051747955,2,60016
0.051759300,1,58837
0.051770640,2,58837
0.051781980,1,57010
0.051793320,2,57010
0.051804665,1,56078
0.051816005,2,56078
0.051827345,1,54227
0.051838690,2,54227
0.051850030,1,53081
0.051861370,2,53081
0.051872710,1,52176
0.051884055,2,52176
0.051895395,1,49765
0.051906735,2,49765
0.051918080,1,49036
0.051929420,2,49036
0.051940760,1,47790
0.051952100,2,47790
0.051963445,1,46868
0.051974785,2,46868
0.051986125,1,45762
0.051997465,2,45762
0.052008810,1,44998
0.052020150,2,44998
0.052031490,1,44030
0.052042835,2,44030
0.052054175,1,43076
0.052065515,2,43076
0.052076855,1,42324
0.052088200,2,42324
0.052099540,1,41545
0.052110880,2,41545
0.052122220,1,41167
0.052133565,2,41167
0.052144905,1,40814
0.052156245,2,40814
0.052167590,1,40822
0.052178930,2,40822
0.052190270,1,40479
0.052201610,2,40479
0.052212955,1,40396
0.052224295,2,40396
0.052235635,1,40430
0.052246980,2,40430
0.052258320,1,40829
0.052269660,2,40829
0.052281000,1,40329
0.052292345,2,40329
0.052303685,1,40792
0.052315025,2,40792
0.052326365,1,40962
0.052337710,2,40962
0.052349050,1,41916
0.052360390,2,41916
0.052371735,1,42208
0.052383075,2,42208
0.052394415,1,42769
0.052405755,2,42769
0.052417100,1,43568
0.052428440,2,43568
0.052439780,1,44400
0.052451120,2,44400
0.052462465,1,45421
0.052473805,2,45421
0.052485145,1,46180
0.052496490,2,46180
0.052507830,1,47628
0.052519170,2,47628
0.052530510,1,48575
0.052541855,2,48575
0.052553195,1,49556
0.052564535,2,49556
0.052575875,1,51240
0.052587220,2,51240
0.052598560,1,52147
0.052609900,2,52147
0.052621245,1,53720
0.052632585,2,53720
0.052643925,1,55149
0.052655265,2,55149
0.052666610,1,56540
0.052677950,2,56540
0.052689290,1,57816
0.052700635,2,57816
0.052711975,1,59668
0.052723315,2,59668
0.052734655,1,61034
0.052746000,2,61034
0.052757340,1,62717
0.052768680,2,62717
0.052780020,1,64216
0.052791365,2,64216
0.052802705,1,65411
0.052814045,2,65411
0.052825390,1,1571
0.052836730,2,1571
0.052848070,1,2872
0.052859410,2,2872
0.052870755,1,4764
0.052882095,2,4764
0.052893435,1,6472
0.052904780,2,6472
0.052916120,1,7848
0.052927460,2,7848
0.052938800,1,9310
0.052950140,2,9310
0.052961485,1,10553
0.052972825,2,10553
0.052984165,1,11855
0.052995510,2,11855
0.053006850,1,13131
0.053018190,2,13131
0.053029530,1,15063
0.053040875,2,15063
0.053052215,1,15862
0.053063555,2,15862
0.053074900,1,16772
0.053086240,2,16772
0.053097580,1,18246
0.053108925,2,18246
0.053120265,1,18994
0.053131605,2,18994
0.053142945,1,20148
0.053154285,2,20148
0.053165630,1,20844
0.053176970,2,20844
0.053188310,1,21514
0.053199655,2,21514
0.053210995,1,22322
0.053222335,2,22322
0.053233675,1,22990
0.053245020,2,22990
0.053256360,1,23869
0.053267700,2,23869
0.053279045,1,24070
0.053290385,2,24070
0.053301725,1,23968
0.053313065,2,23968
0.053324410,1,24162
0.053335750,2,24162
0.053347090,1,24379
0.053358430,2,24379
0.053369775,1,24496
0.053381115,2,24496
0.053392455,1,24653
0.053403800,2,24653
0.053415140,1,24285
0.053426480,2,24285
0.053437820,1,24049
0.053449165,2,24049
0.053460505,1,23809
0.053471845,2,23809
0.053483190,1,23351
0.053494530,2,23351
0.053505870,1,22637
0.053517210,2,22637
0.053528555,1,21961
0.053539895,2,21961
0.053551235,1,21121
0.053562580,2,21121
0.053573920,1,20771
0.053585260,2,20771
0.053596600,1,20807
0.053607940,2,20807
0.053619285,1,18328
0.053630625,2,18328
0.053641965,1,17916
0.053653310,2,17916
0.053664650,1,16368
0.053675990,2,16368
0.053687335,1,15413
0.053698675,2,15413
0.053710015,1,14241
0.053721355,2,14241
0.053732700,1,13118
0.053744040,2,13118
0.053755380,1,11774
0.053766725,2,11774
0.053778065,1,10297
0.053789405,2,10297
0.053800745,1,8726
0.053812090,2,8726
0.053823430,1,7167
0.053834770,2,7167
0.053846110,1,5574
0.053857455,2,5574
0.053868795,1,4160
0.053880135,2,4160
0.053891475,1,2910
0.053902820,2,2910
0.053914160,1,1192
0.053925500,2,1192
0.053936840,1,64781
0.053948185,2,64781
0.053959525,1,62910
0.053970865,2,62910
0.053982210,1,61493
0.053993550,2,61493
0.054004890,1,59986
0.054016235,2,59986
0.054027575,1,58655
0.054038915,2,58655
0.054050255,1,56931
0.054061600,2,56931
0.054072940,1,55477
0.054084280,2,55477
0.054095620,1,53946
0.054106965,2,53946
0.054118305,1,52618
0.054129645,2,52618
0.054140990,1,51733
0.054152330,2,51733
0.054163670,1,50163
0.054175010,2,50163
0.054186355,1,48498
0.054197695,2,48498
0.054209035,1,47453
0.054220375,2,47453
0.054231720,1,47145
0.054243060,2,47145
0.054254400,1,45615
0.054265745,2,45615
0.054277085,1,44662
0.054288425,2,44662
0.054299765,1,43012
0.054311110,2,43012
0.054322450,1,42383
0.054333790,2,42383
0.054345130,1,41683
0.054356475,2,41683
0.054367815,1,41503
0.054379155,2,41503
0.054390500,1,41108
0.054401840,2,41108
0.054413180,1,40395
0.054424520,2,40395
0.054435865,1,40046
0.054447205,2,40046
0.054458545,1,39899
0.054469890,2,39899
0.054481230,1,39521
0.054492570,2,39521
0.054503910,1,39975
0.054515255,2,39975
0.054526595,1,40017
0.054537935,2,40017
0.054549280,1,40196
0.054560620,2,40196
0.054571960,1,39830
0.054583300,2,39830
0.054594640,1,40611
0.054605985,2,40611
0.054617325,1,41105
0.054628665,2,41105
0.054640010,1,41545
0.054651350,2,41545
0.054662690,1,42303
0.054674030,2,42303
0.054685375,1,42689
0.054696715,2,42689
0.054708055,1,43860
0.054719400,2,43860
0.054730740,1,44595
0.054742080,2,44595
0.054753420,1,45854
0.054764765,2,45854
0.054776105,1,46560
0.054787445,2,46560
0.054798785,1,47775
0.054810130,2,47775
0.054821470,1,48944
0.054832810,2,48944
0.054844155,1,50567
0.054855495,2,50567
0.054866835,1,51644
0.054878175,2,51644
0.054889520,1,52819
0.054900860,2,52819
0.054912200,1,54611
0.054923540,2,54611
0.054934885,1,56118
0.054946225,2,56118
0.054957565,1,57637
0.054968910,2,57637
0.054980250,1,59117
0.054991590,2,59117
0.055002935,1,60379
0.055014275,2,60379
0.055025615,1,61856
0.055036955,2,61856
0.055048300,1,64922
0.055059640,2,64922
0.055070980,1,656
0.055082320,2,656
0.055093665,1,2669
0.055105005,2,2669
0.055116345,1,4123
0.055127690,2,4123
0.055139030,1,5887
0.055150370,2,5887
0.055161710,1,7619
0.055173055,2,7619
0.055184395,1,9048
0.055195735,2,9048
0.055207075,1,10183
0.055218420,2,10183
0.055229760,1,11861
0.055241100,2,11861
0.055252445,1,13584
0.055263785,2,13584
0.055275125,1,14969
0.055286465,2,14969
0.055297810,1,15745
0.055309150,2,15745
0.055320490,1,17116
0.055331830,2,17116
0.055343175,1,18347
0.055354515,2,18347
0.055365855,1,19718
0.055377200,2,19718
0.055388540,1,20763
0.055399880,2,20763
0.055411220,1,21399
0.055422565,2,21399
0.055433905,1,22520
0.055445245,2,22520
0.055456585,1,23662
0.055467930,2,23662
0.055479270,1,24702
0.055490610,2,24702
0.055501955,1,32767
0.055513295,2,32767
0.055524635,1,32767
0.055535975,2,32767
0.055547320,1,32767
0.055558660,2,32767
0.055570000,1,32767
0.055581340,2,32767
0.055592685,1,32767
0.055604025,2,32767
0.055615365,1,32767
0.055626710,2,32767
0.055638050,1,32767
0.055649390,2,32767
0.055660730,1,27815
0.055672075,2,27815
0.055683415,1,27040
0.055694755,2,27040
0.055706095,1,26781
0.055717440,2,26781
0.055728780,1,25792
0.055740120,2,25792
0.055751465,1,26040
0.055762805,2,26040
0.055774145,1,24423
0.055785490,2,24423
0.055796830,1,25364
0.055808170,2,25364
0.055819510,1,22110
0.055830850,2,22110
0.055842195,1,32767
0.055853535,2,32767
0.055864875,1,32767
0.055876220,2,32767
0.055887560,1,32767
0.055898900,2,32767
0.055910240,1,32767
0.055921585,2,32767
0.055932925,1,32767
0.055944265,2,32767
0.055955605,1,32564
0.055966950,2,32564
0.055978290,1,32310
0.055989630,2,32310
0.056000975,1,18036
0.056012315,2,18036
0.056023655,1,12354
0.056035000,2,12354
0.056046340,1,12059
0.056057680,2,12059
0.056069020,1,10199
0.056080365,2,10199
0.056091705,1,8491
0.056103045,2,8491
0.056114385,1,6914
0.056125730,2,6914
0.056137070,1,4888
0.056148410,2,4888
0.056159755,1,2281
0.056171095,2,2281
0.056182435,1,864
0.056193775,2,864
0.056205120,1,64642
0.056216460,2,64642
0.056227800,1,62935
0.056239140,2,62935
0.056250485,1,61431
0.056261825,2,61431
0.056273165,1,59892
0.056284510,2,59892
0.056295850,1,57868
0.056307190,2,57868
0.056318530,1,56127
0.056329875,2,56127
0.056341215,1,54896
0.056352555,2,54896
0.056363895,1,53290
0.056375240,2,53290
0.056386580,1,52044
0.056397920,2,52044
0.056409265,1,50357
0.056420605,2,50357
0.056431945,1,49367
0.056443285,2,49367
0.056454630,1,47989
0.056465970,2,47989
0.056477310,1,46691
0.056488655,2,46691
0.056499995,1,45422
0.056511335,2,45422
0.056522675,1,44304
0.056534020,2,44304
0.056545360,1,43678
0.056556700,2,43678
0.056568040,1,42422
0.056579385,2,42422
0.056590725,1,41707
0.056602065,2,41707
0.056613410,1,40708
0.056624750,2,40708
0.056636090,1,40482
0.056647430,2,40482
0.056658775,1,39769
0.056670115,2,39769
0.056681455,1,39275
0.056692800,2,39275
0.056704140,1,39064
0.056715480,2,39064
0.056726820,1,38523
0.056738165,2,38523
0.056749505,1,38285
0.056760845,2,38285
0.056772190,1,38633
0.056783530,2,38633
0.056794870,1,38206
0.056806210,2,38206
0.056817550,1,38811
0.056828895,2,38811
0.056840235,1,39029
0.056851575,2,39029
0.056862920,1,39262
0.056874260,2,39262
0.056885600,1,39560
0.056896945,2,39560
0.056908285,1,40331
0.056919625,2,40331
